,id,title,text
0,D0013668, 教程 经典 教程 转载,教程 简介 关联 规则 购物篮分析 分类 回归 聚类分析 简介  全名是 怀卡托 智能 环境         源代码  新西兰 鸟名  开发者 新西兰  公开 数据挖掘 工作 平台 集合 承担 数据挖掘 机器学习 包括 预处理 分类 回归 关联 规则 交互式 可视化 数据挖掘 看一看  接口 文档  集成 借鉴 可视化 工具 困难 事情 年 届   国际 会议 怀卡托 大学  小组 荣获 数据挖掘 知识 探索 领域 服务奖  认可 被誉为 数据挖掘 机器学习 历史 里程碑 现今 完备 数据挖掘 工具 已有 年 发展 历史  每月 下载 次数 超过 万次 整理 巧妇难为无米之炊  所用 应是 电子表 数据分析  集是 一个二维 介绍  术语 表里 横行 实例  相当于 统计学 样本 一条 记录 竖行 属性  相当于 统计学 字段  呈现 属性 之间  一共 实例 属性 名称   存储     这是  文本文件 图 所示 二维表 存储   自带    安装 子目录 找到 windows 记事本 打开 回车符 导致 分行 推荐 编辑 察看  识别  重要依据 分行 随意 断行 空行 全是 忽略 注释  忽略 行   行 影响 注释  分为 给出    包括 声明 属性 声明 给出   给出 标记 声明 名称  第一个 行来     字符串 字符串 英文 标点 单引号 双引号 属性 声明 属性 声明 开头 语句 属性 语句 属性 名称 数据类型 声明 语句 顺序 该项 属性 位置  第三个 声明 属性 逗号 分开 列中 第三列  声明 属性 被称作 属性 分类 回归 目标 属性 声明    字母 开头 字符串 名称 字符串 引号  支持  四种       分类   字符串    日期           当作  看待      关键字 区分 大小写    区分 属性 属性 整数 实数  当作 实数 看待 分类 属性 分类 属性      列出 一系列 类别 名称 放在 括号    属性 只能 类别 属性 声明  属性 三种 类别      实例  必是 三者       类别 名称 带有 放入 引号 字符串 属性 字符串 属性 任意 属性 有用 示例   日期 属性 日期 属性 统一       属性 名称   字符串 解析 日期 字符串  日期 组合式      表达 日期 字符串 符合 声明 下文 例子 标记 独占 剩下 实例 实例 实例 属性 逗号 隔开 属性 缺失   问号 问号 省略     字符串 属性 分类 属性 区分 大小写 若中 含有 引号                   日期 属性 属性 声明 给定 相一致           稀疏 含有 购物篮分析 稀疏 存贮 空间 稀疏 实例   稀疏 表达     实例 用花 括号 实例 非 属性    属性 序号  属性 属性 之间 仍用 逗号 隔开 实例 属性 顺序   写成   稀疏 注明 属性 缺失 缺失 显式 问号   属性  版中 增加 属性   关系型数据库 多个 维度 不见 广泛应用 暂不作 介绍 整理  数据挖掘 面临 第一个  幸好   支持 其他软件 支持   访问 一节 先 excel matlab 为例   转化成   支持 面对  预处理  给出  例子  打开 逗号 分割 文本文件 储存 二维表 excel  多个 二维表 放到 工作  只能 工作 表存成  打开  切换 转换 工作 另存为  忽略 提示 即可 matlab 二维表 矩阵 矩阵       给出  属性 excel 给出   第一行 读取 属性 第一行 属性 读成 变量名  给出   打开 手工 属性 属性 个数 属性 个数 仍用 逗号 隔开    转换  迅捷 办法  所带 命令行 工具  主程序 ui 点击 按钮 模块 点击  模块 命令行 新窗口 上方 写字 输入框 java           即可 转换    模块 打开  浏览 另存为   模块 上方 按钮 打开  另存为  亦可   实际上 说  最多 模块 先 熟悉 利用 预处理 图 图  打开   分成 区域 区域 几个 选项卡 切换 面板 一节 用到  oc 面板 介绍 区域 常用 按钮 包括 打开 保存 编辑   另存为   区域   筛选 某种 变换 预处理 利用 区域 展示 区域 列出 属性 勾选 属性  删除 删除 利用 区域  按钮 找回 区域 上方 一排 按钮 快速 勾选 区域 选中 属性 区域 中有 属性 摘要 属性 分类 属性 摘要 图中 对数 属性 摘要 区域 区域 选中 属性 直方图 属性 说 分类 回归 目标 分类 正好 直方图 长方形 比例 分成 颜色 想 换个 分段 区域 上方 下拉框 分类 属性 下拉框 选上 属性 黑白 直方图 区域 状态栏 查看  判断 右边  鸟在动  右键 点击 状态栏 java 内存 垃圾 回收 预处理  属性 含义                                                          ui        数据挖掘 无用 删除 区域 勾选 属性 点击  保存 并用  打开  发现 属性 声明  属性 选好 合适 只能 属性 这时候 对数 属性 离散 个取     改为   打开   选中  属性 区域  离散 借助  名为   区域 中点  一棵  逐级 找到      点击 关闭 之外 地方 点击  面板 即可  旁边 文本框     点击 文本框 会弹 出新 离散 打算 属性 离散 属性 区域 属性 左边 数字  右边 改成 计划 属性 分成 改成 框里 不用 更改  查看 回到  离散 成分 属性 若想 放弃 离散 区域   晦涩 标识  打开 保存   替换成 标识 做类 手动 保存 整理 关联 规则 购物篮分析  关联 规则 仅能 示范 适合 大型 打算  关联 规则  打开    切换 oc  选项卡 关联 规则    右边 文本框 弹出  背景 知识 温习   知识 一条 关联 规则 常用 支持  置信度  衡量 重要性 规则 支持 估计 观察 概率 规则 置信度 估计 栏中 出会现 条件 概率 关联 规则 目标 支持 置信度 规则 几个 度量 置信度 衡量 规则 关联 程度  提升   独立 数越  购物篮 偶然 现象  翻译    含义   独立      译         发生   衡量   独立性  关系  取反 代入  公式 后求 倒数 希望 越大越   作   对称     参数设置 计划 挖掘出 支持 之间  超过  排在 位 关联 规则   设为  设为   设为  设为 即可  点击  开始运行 右边 摘要 挖掘  排前 规则                                                          挖掘出 每条 规则  列出 关联 程度 四项 指标 命令行 利用 命令行 挖掘   模块 java  oc           即可   路径 含有    命令行 利用 ui 项数 频繁 项集 我用 命令 java  oc          挖掘 上方 应是 样子 整理 分类 回归 背景 知识  分类   回归   放在  选项卡 原因 目标 属性 输出 变量 希望 样本  称作 实例 一组 特征 变量 目标 预测 这一 目的 训练 实例 输出 已知 观察 训练 实例 建立 预测 模型 模型 输出 未知 实例 预测 衡量 模型 好坏 预测 程度  预测 目标 输出 被称作 属性 分类 属性 时 分类  属性 时 回归 一节  决策树  建立 分类 模型 属性 肯定  属性 不用 关联 规则 变量 离散 成分  属性 转换 成分  训练 集仅取 实例 一半 一半 抽出 若干条 预测 实例 属性 设为 缺失 训练 下载 预测 下载  打开 训练   观察 切换  选项卡 点击  按钮 分类 回归 分门别类 树型 框里  树型 下方   按钮 点击 特性 过滤 合适 属性 中有  属性  变量  勾选        回到 树形图 发现 名称 变红   还好 变红 点击  右边 文本框 出新  查看    查看 适用范围 左中    检验 保证 生成 模型 准确性 拟合   现象 采用 折 交叉 验证    评估 模型 明白 交叉 验证 含义 建模  c     填上  按钮 生成 决策树 模型 很快 一棵 决策树 决策树 误差 右边     项目 名称 模型 换个    多出 一项 交叉 验证    模型 准确度 也许 对原 属性 算法 提高 准确度 模型 右键 点击   一项 弹出 菜单中选择  新窗口 图形 模式 决策树 建议 新窗口 最大化 右键 选    树 看清楚 完后 截图 关掉 解释一下    matrix 含义    matrix      矩阵 说 原本  实例 正确 预测  错误 预测 原本 实例 错误 预测  正确 预测  实例 总数 正好 正确 分类 实例 比例 矩阵 对角线 数字 预测 模型 生成 模型 预测 预测 预测 训练 集 属性 预测 集  属性 属性 属性 实例 设成 缺失       模型 集    右键 点击  中刚 一项      右边 区域 增加 告诉 模型 集上 表现  属性 缺失 意义 关注 模型 集上 预测 点击 右键   弹出 新窗口 预测 误差 散点图 点击 新窗口 中  按钮 保存  打开 倒数 第二个 位置 属性  dp 属性 模型 实例 预测 命令行 推荐 图形界面 查看 灵活 建模 办法 命令行 打开  模块 算法 命令式 java    c          c  图形界面 中所设  跟着 训练 集 完整 路径 包括 文件名 跟着 保存 模型 完整 路径 模型 保存 命令 树 模型 误差  上方 复制 保存 文本文件 误差 模型 训练 集上 给出 模型    所用 命令 式  说 模型 中 预测 属性 真实 属性 中 未知 缺失  模型 完整 路径  预测 集 完整 路径 输入 命令   上方      第一列 提到  第二列  dp 第四 列则    中  缺失 第三列 预测 置信度  实例 把握 说   实例 把握 说   命令行 至少 好处 模型 保存 预测 时 不用 每次 建模 应用 保存 模型 即可 预测 给出 置信度 采纳 预测 置信度 整理 聚类分析 原理 聚类分析 中  分类 类   翻译 实例 分配 同一个 实例 聚集 中心 之间 距离 实例 之间 距离 远 由数型 属性 刻画 实例 距离 欧氏 距离   作 聚类分析 常见 算法 描述 步骤 算法 指定 中心 实例 分配 中心 计算 各簇 中 实例 簇新 中心 重复 中心 位置 固定 分配 固定 算法 只能 属性 属性 时要 变为 若干个 属性  自动 实施 数型 变换  自动 对数 型 作 标准化 原始数据    预处理 删去 属性 保存  式 属性  为分 数据文件 实例  打开   切换  点  按钮  这是  中 算法 点击 旁边 文本框   希望 条 实例 聚成 类   种子 依此 随机数  算法 中 第一次 给出  中心 位置 暂时 选中      点击  按钮 观察 右边    给出 左下角  中 点 右键    新窗口 中 浏览 中有 一行        这是 评价 好坏 标准 数越 簇 实例 之间 距离 越小 也许 数会 实际上  尝试 几个  采纳 最小          尝试 几个  数   列出 簇 中心 位置 数型 属性 簇 中心 分 众数 属性 上取 众数 实例 数型 属性 给出 簇里 标准差      簇中 实例 数目 百分比 观察 可视化 聚类 左下方  列出 右击 点    弹出 给出 实例 散点图 上方 框是 横坐标 纵坐标 第二行  散点图 着色 簇  实例 颜色 点  聚类 保存   中  属性 实例 编号  属性 聚类算法 给出 实例 簇 整理
1,D0389632,删除 ,转载自  难以 删除  反安装 重装系统 反安装 破坏 删除 麻烦  模拟 linux 管理体系 windows 权限管理 冲突 右键 查看 属性 选项 夹时 组 用户名 一栏 识别 带有 问号 重装系统 那串 数字 唯一 识别 用户名 唯一 识别 登录 帐号 删除 删除  删除 文件夹 处理方式 获取 包括 步骤 一是 文件夹 所有者 访问 删除 文件夹 文件夹 文件夹 顺利 删除 图形界面 文件夹 所有者 文件夹 第一层 文件夹 处于 深层次 文件夹  目录 众多 树 深度 手动 显得 麻烦 耗时 建议 程序修改 手动 删除 麻烦 耗时 痛苦 右键 点要 删除  文件夹 依次 属性 高级 所有者 编辑 所有者 改为 登录 帐户 勾选 下方 替换 容器 所有者  属性 高级 对话框 中选 审核 选项卡 输入  点  帐户 弹出 对话框 中将 控制 勾上 勾选 继承 替换 对象权限 顺利 删除  文件夹 手动 删除 痛苦 事 删除 快捷 轻松    文件夹 子目录 及子 所有者   格式 意义 上网 搜索  目录 命令行 输入  文件夹 子目录 访问 命令   格式 意义 上网 搜索 步骤 分钟 终于 完整 删除  文件夹
2,D0089166, 打印,引言 编写 windows 程序设计 有用 sdk 量 流程 底层 程序员 知识 利用  文档 视图 常用 标准 界面 元素 界面 分离出来 更是 方便快捷 功能强大 编写 本质  绘图 绘图 打印机 设备描述 屏幕  绘图 熟悉 读者 编写 文档 视图 编写 组织  文档 视图 这一 框架结构 菜单 注册表 关联 文件类型 善于 发掘 所用 关心  编写 先 介绍  框架结构 文档 视图 重点 分析  视图 原代码 流程 读者 看侯 俊杰 深入浅出   详细 流程 解释  名为  缺省  消息 处理函数  向导 生成 菜单 工具栏 命令 视图  一项     不用       即可   cpp 中有     cpp 位置 读者 windows 查找 找到 这是  源代码 本文 列出 放在 分析                    dp     加粗 重载  具体内容    最先 初始化 重载 三个    dp  最为 代码实现 地方    绘制 视图 客户 完全相同 打印机 绘图 两种 地方 绘图 客户 区绘 曲线 打印机 上要 绘制      第二个  指针 指针 指向 总共 页数 页数 页眉 页脚 有用               oc                        ui   ui                                  oc ui                 ui   ui  ui   ui   ui    ui    ui     设定 总 页数 页面 尺寸 初始化 工作  设定 页数 页数 一页 开发人员 页数 大于 设定 页数      中用   获取 页码 页码 该页  dp 释放  申请 资源 申请 需 重载 预览 预览 命令    关联 就行了 具体方法 视图            开发人员  重载  预览 重用 读者 利用  文档 视图 预览 总体 本文 给出 示例     windows 程序设计 参考文献 文档 视图 利用  编写 文档 视图  建立 虚拟 文档 视图    子 窗口 窗口 子 窗口 对话框 窗口 视图 按钮 按钮   消息       建立 窗口  窗口 子 窗口 笔者 建立 窗口   示例 新建 用于 虚拟 窗口 对话框 指针 传给 窗口 对话框     消息 对话框 初始化 释放 流程 交给   虚拟 负责 当要 c   时 具体内容 回到 对话框 对话框 响应   消息 即可           回到 对话框 开发人员   处理函数 c         消息 对话框 写 几个 步骤 建立  设该 指针  对话框 指针 传给        框架 窗口    频谱  app      预览                        app            预览                  app         对话框 响应       消息 初始化 释放 示例 三个 消息 响应函数          dp       开发人员 重点 表 图片  绘图 预览 一部分 工作 c  类里 用户程序   消息 预览 编写 预览 本文   连个 重用 开发者 四个 拷贝到 工程 目录    cpp   cpp 四个 工程 处      步骤 完整 利用 对话框 节省 开发者 强大 专业 水平 缺点 笔者 发现 开发者 静态 连接  库时 出错    shell  debug 版本 示例 效果图 对话框 预览 框架 窗口 预览 如图 所示 打印 预览 效果图 上图 界面 两页 两页 预览 如图 所示 两页 预览 效果图 一点 预览 界面 打印 按钮 按该 打印 钮则 等于 预览 窗口 关掉 打印 对话框 界面 上放 打印 按钮 打印 弹出 打印机 对话框 如图 所示 对话框  打印 结构 内置 消除 正确 打印机 打印 图 打印机 对话框 结束语 本文 分析  原代码 入手 利用  c  打印 打印 预览 对话框 打印 打印 预览 利用 面向对象 c 写 重用   对话框 中 打印 打印 预览 简化 对话框 打印 编写 参考文献      windows          windows     俊杰 深入浅出  华中科技大学 出版社
3,D0776559,android 获取 屏幕 宽高,获取 屏幕 宽高 java 获取 屏幕 宽高         屏幕 像素      屏幕 像素       获取 屏幕 密度              屏幕 密度 像素 比例   dp   dp 屏幕 密度 每寸 像素  dp  dp  dp  dp    dp dp dp dp       dp  dp     屏幕 像素    屏幕 像素      获取 屏幕 密度              屏幕 密度 像素 比例  dp    dp 屏幕 密度 每寸 像素 dp  dp dp  dp     dp  dp dp  dp             dp    dp        屏幕         屏幕                         屏幕          屏幕           获取 控件 高 一般来说  控件 高全 采用 真实 高                       app   　 　 　 　 加载  三次                           app     　 　 　 　 加载  二次 回调 回调 　 　 　 　    image             image           app     image     　 　 　 　      　 　 　 加载  二次 回调 回调    获取 屏幕 宽度 高度
4,D0802938,多点 触控 图片 自由 缩放,真机 测试 弄 效果图 建立 类   继承 image   获取 缩放 图片 图片 高大 屏幕 高 缩放 屏幕 中心点 构造 器中 获取 宽度 获取 不到 布局 加载 这时候 用到 接口    全球 布局 监听    监听  移除 图片 初始化      接口 多点 触控  事件 交给     贴
5,D0379964,python 单例模式,指 实例 从始至终 只能 从始至终 实例  python 中类  实例  将类 实例 绑定 属性   未 实例 化 实例 化 实例 绑定  每次 实例 化 第一次 实例 化 实例 singleton 派生 子类 重载  有时候 关心 生成 实例  关心 状态 实例 实例 共享 状态 实例  指向 同一个 字典 实例 共享 属性 实例 名字 属性 无论是  实例 影响 实例  保证 实例 共享 属性 子类 共享      实例  实例 字典  想要    接近 单例模式 实例  编写 某种 机制 名字 基类 元组 字典 新型 类中 机制  机制 可编程 称为  例子 构造 singleton  模拟 构造 其元类 设为 singleton 创建类 发生 singleton    singleton 实例 实例 时 singleton    singleton     实例 指向  属性  python 模块 加载 模块 属性 写 模块 当做 模块 作用域 变量 即可 写类 综合 模块 优点 python   检查 确保 模块 利用 一点 模块 绑定 绑定 同一个 存放  中   名字 singleton 绑定 实例 singleton 类 唯一
6,D0148582,进程 间通信 动态链接库,引子 介绍 几种 用于 进程 之间 正统 剪贴板 命名 管道 介绍 偏门 进程 偏门 自然 少 不用 动态链接库 进程 动态链接库 概述 动态链接库 进程 介绍 动态链接库 说不过去 动态链接库 windows 操作系统 基础 windows  动态链接库 形式 动态链接库 接受 消息 独立 后缀名 后缀名 可执行程序 某项 工作 动态链接库 模块 动态链接库 时 动态链接库 发挥作用 编程 某种 放在 动态链接库 函数调用 访问 动态链接库 进程 加载 时 会为 进程 分配 私有 地址 分析 模块 找到 模块 负责 搜索 找到 加载 分配 内存空间 页面 映射 进程 地址 虚拟内存 页 映射 进程 页面 页面 进程 启动 进程 访问 虚拟内存 页面 页面 映射 第二个 进程 地址 即可 一份 多个 进程 一份 做 节省 内存空间 windows 会为 进程 分配 私有 地址 映射 私有 地址 应用程序 之间 相互影响 多个 应用程序 同一个 进程 保存 进程 分配 地址 举个 例子 中有   相加 相加 进程 进程 进程 保存 进程 私有 地址 进程 保存 进程 私有 地址 中 例子 动态链接库 进程 之间 动态链接库 中 共享内存 想 利用 动态链接库 进程 方案 试一试 动态链接库 分配 一块 动态链接库 加载 中 下手 中 动态链接库 一份 动态链接库 中 模块 可执行程序 动态链接库 分配 这块 中 保存 岂不是 访问 动态链接库 可执行程序 获取 或者说 这样的话 进程 共享内存 中 进程 读取 共享内存 中 进程 思路 剪贴板 一模一样 采用 一块 进程 内存 存放数据 中介 示例 动态链接库 进程 间通信  新建 动态链接库 项目 步骤 项目 结构    cpp 进程  项目 结构    oc  cpp 进程  项目 结构    oc  cpp  项目 中     拷贝到 项目 oc  oc  根目录 编译 oc  oc  项目     oc   oc   拷贝到 确保 进程 访问 同一个 动态链接库 效果 展示 oc   共享 启动 oc   读出 oc   中  oc   中 回车键 进程 读取 数据位 结束语 效果 展示 中 确实 动态链接库 进程 进程 之间 说 动态链接库 进程 之间 通信 偏方  局限性 第一 动态链接库 进程 通信 通信 进程 访问 动态链接库 进程 之间 通信 跨 网络 通信 进程 之间 通信 前前后后 介绍 五种 各有 优点 局限性 请 看官 自行 斟酌 选用 合适 方案
7,D0339360,自动 构建 项目 神器  安装 配置 配置,公司 windows 管理器 构建 提醒 发生 错误 发现 检查 错误 特别 想到 自动 构建 工具  安装  安装 说 换个 目录 一路下 一步 安装 版本  安装   形式 启动 访问 查看 安装 成功 第一次 进是 配置 点击 系统管理 全局 环境 统一 配置 有用 摸索 java    成本 绝对路径 保证  编译 找到 依赖 配置 对外 访问 管理员 邮箱 访问 机器 访问 管理员 邮箱 提醒 配置 服务器 地址 配置   地址 后缀 完后        一封 测试 配置 成功 配置 全局 配置 完后 说 构建 配置 不用  第一个 就行 复制 环境 中 多个 定期 平常 先 输入 项目名称 意义 很大 先 配置 服务器 我用 微软  举例  git 大同小异 配置 服务器 地址 打包 服务器 用户名 密码  配置 服务器 取 两种 定时器 第一种 设定 周期  自动 设定   用于 检查 服务器 改变 改变 编译 周期 分钟 检查  选则 构建  ui   不在  ui   选项 中 写出 编译 配置 邮件 通知 成功 失败 主动 推送 提醒 特别 点击 保存 一条 生成 点击 按钮 构建 中 循环 编译 成功 失败 发邮件 主动 提醒 省去 监控 力气       
8,D0934038, 聚合 继承,继承    中是  标签 管理 子类 用到 依赖 父类 打包  子项目  标签 继承 子项目 依赖 自定      做 好处  管理  包 冲突 聚合 父类   聚合 模块 聚合    命令  聚合 项目 模块 响应
9,D0232706,java 基础 关键字 标识符 变量 数据类型,关键字 java java 赋予 特定 含义 用作 用途 字符串 称为 关键字 规则 关键字 小写字母 java 语言 大小写 敏感 语言 未 语法 关键字 字符串 保留字   关键字 分类 定义数据 关键字 数据类型 关键字 用于 整型    浮点    布尔  引用 数据类型 关键字 用于 特定 java   接口  用于 用于 定义数据 关键字    流程 控制 关键字 判断       循环   跳转    修饰符 关键字 访问 权限 修饰符 关键字  公共  受 保护  私有 修饰符 关键字  静态   抽象 最终    同步  枚举 关系 关键字  继承   引用  父类 引用   判断  建立 实例  导入 用于 异常 关键字  检查 异常  捕获 异常  最终  抛出 异常   声明 异常 关键字       精确 浮点  修饰符 声明 实例 序列化 时 序列化 volatile 修饰符 线程 访问  断言 注  关键字 却是 虚拟机 识别 名称 标识符 自定义 名称 称作 标识符 用于 类中 成员 命名 合法 标识符 规则 标识符 英文字母 大小写 数字 数字 开头 关键字 标识符 命名 规范 提高 阅读 性 命名 意义 见名 知意 包名 命名 规范 多个 单词 单词 小写   类名 接口 命名 规范 多个 单词 单词 首字母 大写   变量名 命名 规范 第二个 单词 单词 首字母 大写   常量 命名 规范 单词 大写 单词 之间 加用 隔开   常量 常量 java 固定 改变 常量 分类 常量 java 整数 小数 常量 布尔 常量 布尔 常量   常量 单个 数字 符号 常量 符号  字符串 常量 字符串 常量 多个 标识   常量  java 存储单元 要素 包括 变量名 作用域 理解 改变 反复 存放 用于 分配 内存空间 前 声明 声明 式 数据类型 变量名 初始 先 声明 后赋 数据类型 变量名 变量名 初始 分类 声明 位置 局部变量 语句 块 内部 成员 外部 内部 数据类型 引用 数据类型 数据类型 变量 用法 分成 静态 变量 非 静态 变量 数据类型 java 语言 强 语言 一中 数据类型 分配 内存空间 java 数据类型 数据类型 引用 数据类型 数型 整数    浮点    型  布尔 型  引用 类  接口  数组 枚举  数据类型 长度 用门 电位 存储 计算机硬件 电位 数量 有限 计算 时 固定 长度 固定 长度 数据类型 最小 存储单元 字节 字节 中 八个 电位
10,D0462724, 性能测试 实践 流量,篇 研究 ios 性能测试 太紧 发帖 通宵 挤出 分享 一点 东西 希望 android android 版本 存放  oc net   oc  net  读取 解析 就行了 读取 应用 读取  oc ui  ui   解析 注 模拟器 目录 如需 查看 应用 命令 android 两种 办法 第一种  net  找到 应用  拿到   oc 目录  net  面  代表 wifi 上传下载 标识 上传下载 单位 换算  字节数 数据包 发送 字节数 数据包 技巧  初始化 打开 手机 飞行 模式 关掉 清 第二种  oc net   ui  说 第二种 获取 先给 先给 说 ui ui 获取  查看  会查 ui  去取 拿到 ui 列为   接收数据   传输数据  dp 网络流量 统计 ui 多个 进程 这有 两行 累加 求和 java 获取 打印 获取  获取  变量 传到   获取 上传下载 获取 获取 每秒 场景 设计 拿到 步骤 打印 步骤 打印 一遍 再用 步骤 流量 减去 流量 步骤 消耗 流量 场景 案例 拓展 集成 android 内部 仅供参考 android   类前 四个 读取  oc net  睡
11,D0827167,java 读取 视频 播放 有用,java 视频文件 读取 时长 网上 查 找到 合适  支持 式 太少  读取 语言 写  麻烦 无意 中 找到  开源 项目 介绍 java 多种 式 之间 转换 下载 真 找到 获取 时长 记录下来 朋友 做个 参考 下载  网址 总共  包  非常简单 说 贴                 java                测试                      system   时长  分  秒        支持 式 几十种 兴趣 朋友 试试
12,D0450271, 后加 单引号 双引号 不加 区别,转自 单引号 说 所见即 所得 单引号 原样 输出 描述 单引号 输出 单引号 全 引用 单引号 括起 常量 变量 发生 双引号 双引号 输出 中有 命令 变量 会先 变量 命令 解析 输出 最终 双引号 引用 双引号 括起 常量 常量 变量 发生 替换成 变量 含有 字符串 视为 整体 输出 中有 命令 变量 会先 变量 命令 解析 输出 最终 字符串 带有 空等 特殊字符 完整 输出 改加 双引号 连续 字符串 数字 路径 规则 常量 单引号 括起 含有 变量 双引号 括起 单引号 双引号 双引号 保有 变数 单引号 内仅 元 特殊符号 举例 特殊字符 变量 号 原样 字符串 匹配 模式 大致相同 区别 非常容易 混淆   引用 变量 查找 变量   查找 字符串        不知 原因   查找 美元 反 斜杠 反 引号 　 双引号 四个 双引号 中是 含义 单引号 含义 双引号 查找 四个   等同于   第一条 命令 shell 四个 转义 传递   转义 查找 第二条 命令 shell 转义 传递   转义 查找  命令
13,D0428411,先 赚钱,世界 成功 改变 世界 创业者 之初 抱 改变 世界 理想 改变 世界 本心 抱 改变 世界 理想 创业者 无谓 道德感 束缚 这是 可怕 束缚 乔布斯 是从 起家 乔布斯 车库里 鼓捣 能骗 投资人 钱 玩意儿 苹果 联合 创始人 设计 苹果  美元 手中 股权 烫手山芋 乔布斯 韦恩 乔布斯 事情 典型 敲诈 会码 第一桶金 低价 买入  高价 卖出去 赚来 比尔盖茨 退学 世纪 首屈一指 富豪 故事 耳熟能详 比尔盖茨 退学 工资 职业 发展 路径 太 亿万富翁 月 盖茨  签订合同 同意   机 开发 操作系统 万美元 价从 一家 倒闭 软件 公司 手中 购买 一款   操作系统 稍加 改进 产品 更名  授权  两年 国内 教授  芯片 磨掉  宣称 自主 知识产权 没什么 太 区别 做 一锤子买卖  更是如此 流氓 黑帽 马克 扎克 伯 报复 前女友 做出  原形 盗取 哈佛 全校 女生 照片 所有人 打分 网站 侵犯 隐私权 之外 真的 看不出来 一家 成熟 企业 公司 建立 之初 作恶 永远 心想 一家 公司 公司 光明 正确 并列 钱 钱 支撑 转自 创业者 陈 安妮 做错 请 点击 转发 
14,D0482340,正则 中 转义 特殊字符 小结,正则表达式 特殊字符 含义  说 字符串 查找文件 名中 转义 前加   正则表达式 特殊字符 转义 特别 匹配 输入 字符串 结尾 位置   属性 匹配  匹配 请 标记 子 结束 位置 子 获取 供 匹配 请 匹配 子 零次 匹配 请 匹配 子 匹配 请 匹配 换行符 之外 匹配 请 标记 中括号 匹配 请 匹配 子 零次 指明 非 贪婪 限定符 匹配 请 标记 特殊字符 原义 引用 八进制 转义 匹配   匹配 换行符 序列 匹配 匹配 匹配 输入 字符串 位置 方括号 中 接受 集合 匹配 请 标记 限定符 匹配 请 指明 两项 之间 匹配 请 构造 正则表达式 数学 多种 元字符 操作符 更大 正则表达式 组件 单个 集合 字符 字符 组件 任意 组合
15,D0170022,早期 工作 项目总结,  多媒体 实时 播放 控制协议    询问 可用  获取 多媒体 初始化 dp  会话 属性 传输  建立 会话 连接 包括 客户端 端口 服务器端 端口 分配   内核 学习笔记 写 内核 固定   建立 内核 获取 设备 编号      c     c     c    动态 编号 提前  节点 先 读取 oc  内核 内部   结构体 字符 设备     用于 内核 设备 字符 设备        指向   实例   ioc  坐坐  实例      用于 内核 空间 空间 拷贝 并发 互斥 锁     机制       字符 设备 当作 字节 流 存储 设备 键盘 设备 中 随机 访问 固定 大小 片 设备 设备 硬盘  框架  三星 内部 框架 类于 google   搞 一套 框架 几个 压力 测试用例 连续 万次 万次 查看 性能 内存 泄漏 配置文件 中 测试用例 重复 次数 环境 支持  平台 平台 嵌入式 平台 测试工具 只能 动态 库 形式 中  形式 配置文件 配置文件 测试用例 多少次 平台 正则表达式 库 用到   库 项目 架构 如上图 所述 管理 分为     三个 操作系统 适配 用于 保证 上层 接口 保证 操作系统 无关 配置文件  列举  次数 输出 文件名 写 测试用例 保存 全局  中 只想 测试用例 测试用例 名字 写  配置文件 中   类 读取  中 测试用例 全局  匹配 成功 失败 跳 宏    保存 三种  实时   统计  实时 输出 终端   写 测试用例 宏  ui   增加 死亡 核心 测试用例 新 进程 线程 测试用例 导致 进程 异常 退出 仅仅只是 进程 退出 影响 进程 测试用例 依然 平台 linux 头文件 windows     oc     管道    进程  oc    手机 嵌入式 app 开发 年 毕业 参加 工作  参与 手机 嵌入式 app 开发 工作 硬件 手机 嵌入式 平台   图形 绘制 引擎  场景 短信 拨号 界面 开发 开发 ui 界面 ui           短信 app 设计      子类      子类               继承   基类       变量  采用 组合模式    采用 组合模式 一段时间     遍历        项目 中 干 两件 事情 第一件 事情 转换 手指 点击 屏幕 只能 原始      事件 点击 屏幕 左上角 坐标 原始 事件 转化   识别 事件 点击 长 滑动   给出     坐标 绘制   点击   坐标   区间 坐标      响应 网络 查看 windows 机制 介绍 鼠标 点击 单击 事件 鼠标 设备 驱动程序 事件 转换成 放置 windows 中 windows 中 取出 投掷 应用程序 所属 线程 c 应用程序 消息队列 发送给 应用程序 存放 消息队列 中 等待 应用程序 引擎 不停 专属 消息队列 中 获取 翻译 转发   windows 消息 机制 鼠标 点击 控件 点击 坐标 控件 区域 坐标 后台 做 事情 第二件 事情 状态机 短信 app 几个 界面 图 界面 写 短信 界面 及刚 打开 短信 app 短信  界面  界面 节目 设置成 状态机 简化 逻辑
16,D0160320, 提高 百万条 查询 速度 优化,查询 优化 尽量避免 全表 扫描    涉及 列上 建立 索引 尽量避免  子句 字段  判断 导致 引擎 放弃 索引 全表 扫描      确保 表中   查询    尽量避免  子句 操作符 数据库 引擎 放弃 索引 全表 扫描 尽量避免  子句 连接 条件 导致 引擎 放弃 索引 全表 扫描     查询  查询           慎用 导致 全表 扫描     连续        查询 导致 全表 扫描       提高效率 全文检索  子句 导致 全表 扫描 sql 时才 解析 局部变量 优化 访问 计划 推迟 编译 编译 建立 访问 计划 未知 索引 输入 项 语句 全表 扫描      改为 强制 查询 索引      索引 名   尽量避免  子句 字段 表达式 导致 引擎 放弃 索引 全表 扫描     改为     尽量避免  子句 字段 导致 引擎 放弃 索引 全表 扫描       开头        生成  改为              子句 左边 算术 运算 表达式 运算 正确 索引 索引 字段 条件 索引 复合 索引 索引 第一个 字段 条件 保证系统 索引 否该 索引 字段 顺序 索引 顺序 相一致 意义 查询 生成 空表 结构    这类 消耗 系统资源 改成           语句 替换          索引 查询 sql 表中 查询 优化 索引 重复 sql 查询 利用 索引 如一 表中 字段   一半  上建 索引 查询 作用 索引 越多越好 索引  降低     时有 重建 索引 索引 慎重考虑 视 具体情况 而定 索引 超过 太 多则 列上 索引 应 更新  索引  索引 顺序 记录 物理 顺序 该列 改变 导致 记录 顺序 调整 耗费 应用 频繁 更新  索引 应 索引 建为  索引 数字型 字段 含数 字段 设计 型 这会 降低 查询 连接 性能 并会 增加 开销 是因为 引擎 查询 连接 时会 逐个 字符串 字符 数字型 就够     长 字段 存储空间 节省 存储空间 查询 字段 搜索 高些 地方   字段 列表 不到 字段 临时 变量 请 索引 有限 主键 索引 频繁 删除 临时 减少 资源 消耗 临时 表并 例程 重复 引用 大型 常用 表中 集时 一次性 事件 导出 新建 临时 表时 一次性 插入 数据量 很大       速度 数据量 缓和 资源 应先     临时 存储过程 务必 临时 表显 删除       较长时间 锁定 尽量避免 游标 游标 较差 游标 超过 万行 改写 游标 临时 应先 寻找 解决方案 解决问题 临时 游标 小型    游标 优于 逐行 引用 几个 表 需 包括 合计 例程 游标 速度快 开发 游标 尝试 效果 更好 存储过程 触发器 处  oc  结束  oc   无需 存储过程 触发器 语句 客户端 发送   oc 消息
17,D0856523,  分区,业务 背景     记录 日志 保存  表中 将来 日期 小时 统计 建立 一张 日期 小时  分区表 业务  分区表 分为 分区表 分区表 拥有 多个 文件夹 形式 单独 存放 文件目录 详细 参见 建立 分区表 导入 分区表 建表 插入 参考 导入 参考 新增 分区 时 导入 参考 实验 结构 分区
18,D0312826,linux 命令  命令,linux 查看  linux 查看  区别    可用 查看 挂载 查看 整体 用于 子目录 占用 磁盘空间 当前目录 文件名 名为 计算  硬盘 块 计算 异常情况 示例 是因为   文件名 介绍 应用程序 句柄 写 计算 计算 这部分  计算 这部分 二者 很大 差距 命令式 选项 磁盘  显示目录 中  显示目录 文件大小  单位  外 总和   单位 输出   单位 输出   总计 列出 加总    单位 提高 可读性    以一 文件系统 为准 遇上 文件系统 略过 符号 链接  符号 链接 选项 中 指定 符号 链接 源文件    小时 含 子目录    指定  略过 指定   指定 符号 链接 源文件    换算 单位   重复 计算 硬件 链接 实例 实例 显示目录 输出  oc  service  service  service service oc   oc  当前目录 子目录 当前目录 当前目录 实例 指定   输出  oc       oc  实例 查看 指定 空间  输出  oc  service  service  service service  oc   oc  实例 多个 占 空间 命令     输出  oc           oc  实例 总和 命令  输出  oc   oc   oc    oc   oc  实例 阅读 命令  输出  oc      service    service  service service   oc        oc  实例 命令 输出  oc                                       service    service  service service   oc                                    oc  实例 几个 目录 占用 磁盘空间 大小 统计 总和 命令     输出  oc          总计  oc  c 选项 目录 占用 磁盘空间 大小 一行 统计 总和 实例 空间 大小 排序 命令   输出  oc      service service service  service    oc    oc  实例 输出 当前目录 子目录 空间 命令     输出  oc           oc  注 单独  子目录 当前目录 大小   目录 子目录   只会 当前目录 大小 来源 参考 豆瓣 介绍 设计   介绍  输出 大小 排序 排序
19,D0607248,struts 上传 获取 文件名 文件类型,  属性 属性 用于 封装 上传 文件名 文件类型 这是 设计 独到之处   类 属性 封装 上传 属性 获取 上传 文件名 文件类型 域 上传 文件名 文件类型 封装 属性 表单 中 名为 域   类中 属性 封装 域 属性 封装 页面 域   属性 封装 域 文件名   属性 封装 域 应用 文件类型 java  页面    属性   类                          属性 样子 获取 上传 文件名 文件类型   属性      特别注意  标志 绑定   上传   上传 文件名 文件名 包括 路径     类    三个 属性
20,D0531242,快速 自定义 应用 字体,手机 字体 美化 软件 越来越 怪状 风 字体 android 开发人员 应用 强制 某种 字体 做会 增大 应用 内存 消耗 字体 包越 消耗 内存 越大 内存 消耗 自定义 字体 自定义 字体  属性  只能     java 找到    即可 自定义 字体   静态方法 所学 工厂模式 每次 获取  字体 太 麻烦 消耗 性能 自定义  重写  布局 自定义  一看 占 内存 惊呆 自定义  原因 每次 控件          耗 内存  设计 成 单例模式 内存 消耗 字体 包较 字体 大大减少 内存 消耗 介绍 开源 库  字体 更换 git  地址 引用 库   放入 字体 应用 app   类中  初始化  重写  hbase  应用 自定义 字体 试试
21,D0452021,第一 章节 android 起航,啄米 科技 梳理 一遍 顺便 敲 一遍 督促 好好学习 写日记 知识点 附件 形式 上传 第一行 蓝本 前期 慢 后期 越来越快 前期 太快 后期 重来 复习  先用  熟练掌握 基础知识 学完   sdk 更新 sdk 只能 往高 升 降 有时候 sdk 太高  太低 更新 启动 android sdk  打开 主 界面 依次   弹出 android sdk   窗口 android sdk   窗口      输入框 填入     选中  https       复选框 单击  按钮 关闭 android sdk   窗口 主 界面 依次   低版本 低版本 缺点 没法用 最新  sdk 照顾 手机 版本 花费 更新 下别 更新  适配 适配 版本         system image 镜像文件 支持 cpu 手机 模拟 实际操作 只用   速度快 手机 手机  自带 慢 垃圾 苹果电脑 采用 架构 手机 架构 第一个      模版 app    实体类 布局  布局 布局  继承     命名 空间  提示 提示 不该 错 理解 语法 语法 判断  android   告诉 编辑器  预览 成 apk 作用 开发者 设计 推荐 android 网 源码 下载
22,D0128634, web   交互方式,  web  区别  智能手机 操作系统 ios android 原生 编写 第三方 web android 优化 web 站点 前端 html  javascript 服务器端 php  web 有限 web 整合 设备 核心 文本  更新 web 优势 可扩展性 跨平台 一款 web 手机  平板     平台 web 绕开  提交 更新 审查 规则 众所周知  增多  推出 一系列 提交 审查 规则 可谓 之严 web 绕开 提交 更新 审查 规则 web 升级 维护 变得 独立 站点 依附于  升级 维护 客户端 即可 无需 提交 审核   分为 三种  混合型  混合型 web 主体  混合型   web  独立 展现 交替 常见     web  交替 混合 逻辑 web  当成 独立   web  相关 展示 主体  web 起到 补充 作用 难度   混合型 同一个  包括   web  之间 覆盖 层叠 关系  开发成本 高 难度 较大 体验 百度 搜索 代表  混合型 移动应用 灵活性 体验 web 主体 移动应用 主体 web  网页 语言 编写 穿插   移动应用 体验 缺陷 整体 难度 大幅 降低 跨平台 web 主体 移动应用 体验 好坏 取决于 底层 中间件 跨平台 能力 国外   国内   web 主体 移动应用 中间件  支持 跨平台    基础 底层 能力 插件  机制   插件 机制  混合型 接口 完善 弥补 web 主体  体验 差 接近  体验 分析  web 主体 解决 体验 差 最佳  解决方案 android web  交互方式 web  android 市场 采用 开发方式 分为 三种  web   app 介绍    app  组件 理解 android  web  组件 html 渲染  app 开发方式 汇集  相关 开发技术 数据交换 json android web  步骤 新建 web  布局 web     utf  android android     android    android     web  android  web  android     android    应用 用到 多个 web  界面 布局 就够  初始化 web  初始化 布局     web  web      web  web   滚动条 风 指 滚动条 占用 空间 覆盖 网页 web  web    javascript    javascript  windows        访问    ui    javascript  windows        web                 编码 web  javascript  android   javascript  作用 发现 调试 弹出  对话框 调式 上网 发现 web   web   web   装载 页面 界面 web    android  html  html 页面 放在  文件夹 在线 界面 web     web  javascript  android   javascript  android  放  javascript  android  时 名称 先写 android   android     cmd      android     json web  之间 交互  json html   json  json   json    json              json         中国 北京     json         中国 深圳       json        android 配置 前端 做 事情 前端    javascript  json html   传给  需要的话 传过去 需要的话 不传 需求 json html 改成  前端 json 前端 不到 往下 项目  发起 请求   ui   cmd    system      cmd         cmd            cmd       ui      handler           cmd                 json json  json  json    json  json  json  json   json     json      oc   json      json      还用  javascript   ui 发现 获取  是因为 java 中向 请求 服务器返回 回调 handler 一段时间 等待 java 获取 赋 解决 只能  服务器端 获取 传给 改为   ui   cmd    system      cmd         cmd             cmd       ui         handler             cmd                 json json  json  json    json  json  json  json   json     json      oc     ui  handler     handler  ui json    ui  handler     json       handler 中   handler handler handler         handler   handler         handler  ui web    javascript  ui   handler   web    javascript  ui   handler 中  json 最终 前端 即可    ui   json   json 解析 json 字符串 回来 json   常见 不带 web    javascript  web    javascript    handler 中 获取  来回 交互 麻烦 网上   javascript web   javascript                获取   网上 提到 没试 确实 可用 可知 不带 前端 不带 web    javascript  web    javascript    handler   javascript 中 名称       javascript      前端 可用 开发  变量 保存起来 javascript     即可   java 不用 开发 拿到 前端 综合 所述  中  json 最终 前端 即可    ui   json   json 解析 json 字符串 开发 回来 json 服务器端 web    javascript  ui   handler   中        javascript     服务器端 web    javascript   ios   互调 介绍 优秀 国人 开发 开源 项目 web  javascript  优雅 ui web  时  ios objective   之间 互调 支持 消息 发送 接收 消息 处理器 注册 消息 回调 连接 ui web  javascript   代码实现  web  javascript     web  javascript   web  javascript   web  javascript    oc    web  javascript      web  javascript    web  javascript      传给 开发 先  开发            handler 是从 ios 拿到 前端   handler  javascript handler     
23,D0213744,条  命令 面试 问答,	 	 	 查看 linux 服务器 级别 答   查看 linux 服务器 级别 查看 linux 网关 答    查看 网关 网关 路由表 linux 重建 初始化 内存 盘 镜像文件 答 centos    初始化 内存 盘 举例 想要 特定 内核 初始化 内存 盘 内核 替换 掉  centos    初始化 内存 盘 举例 初始化 内存 盘 特定 内核 重建 初始化 内存 盘  答  复制出  归档文件 单个 列表 提取  答 顾名思义  补丁 写进 文本文件 里  接收  输出 旧版本 转换 新 版本 举个 例子 linux 内核 源代码 百万 贡献者 需 发送 改动 源代码 接收者  改动 写进 原始 源代码 里   新 单个 目录 支持 目录 树 递归  文件创建 补丁 新  答 顾名思义  linux 操作系统 一款 交互式 拼写 检查  继任 早 名为  一款 免费 替代品 好用  拼写 检查 能力 命令行 独立 工具 命令行 查看 域  记录 答  查看 域  记录 举例 识别 linux 指定   关联 答 列出   哪条 查看 状态 答 linux oc 文件系统 答 oc 文件系统 内存 文件系统 维护 内核 状态 包括 cpu 内存 分区 划分  地址 内存 访问 通道 文件系统 代表 存储 指向 内存 里  oc 文件系统 自动 维护  目录 找出 大小 超过 答  目录 找出 天 答  目录 找出 天 之内 访问 答 目录 树 查找文件  发现 无需 删除 答  作用 答  提取 非 文本文件 文本 字符串  译注 分析 莫名其妙 二进制 时 找到 可疑 访问 追查 入侵 用处  过滤器 作用 答  过滤器 多个 目标 发送 输出 用于 管道 输出 一份 复制 一份 屏幕 例子 输出 捕获   屏幕     命令 做 答 这条  命令 更改 登录 提示符 用户名 机名 当前工作 目录     命令 做 答 这条  命令 文件名 拥有者 问 linux 命令 答 命令 安排 未来 做 一次性 提交 放在    目录  守护进程 问 linux 中   命令 作用 答   命令   总线 附加 设备 指定   获取 越来越 详细 输出 命令 输出 易读性 版权 声明 linux 中国 翻译 转载 注明 原文 作者   译文  译者  翻译 	 	 	 	 	 	 	 	 	
24,D0443420,windows 环境 配置 java tomcat,jdk 下载 点击 位 windows jdk windows 下载 tomcat 下载 下载 jdk 相配  tomcat windows  安装 配置 环境变量 先 安装 jdk 平时 安装 软件 傻瓜 讲述 网上 复制 经验 安装 路径 带有 版本号 文件夹 安装 路径 安装 盘 文件夹 jdk 所示 配置 jdk 环境变量 一步 明白 配置 地说 安装 jdk 路径 取 cmd 命令行 编译 右击 计算机 电脑 属性 点击 控制面板 将会 弹出 控制面板 主页 请  所示 环境变量 弹出  所示 窗口 中 新建 大小写 区分 变量名 请 编辑 名为 java jdk 请 安装 jdk 路径 而定 形式   java jdk 名为  java   名为 java   至此 jdk 配置 请 cmd 命令行 界面 输入 java   测试 安装 成功 tomcat 服务器 安装 配置 tomcat 安装 配置 解压 下载 包 习惯 版本号 文件夹 文件夹  tomcat windows tomcat 请 同学们 意愿 配置 tomcat 环境变量 打开 环境变量 请 参考 第三步 图示 中 新建 tomcat 变量名 tomcat 变量 tomcat 变量 下载 tomcat 解压 路径 tomcat 疑惑 参考 第五步 新建  变量 变量名  变量 tomcat 没错  变量 tomcat 变量 变量 变量 中 找到  变量名 双击 点击 编辑 末尾       变量 之间 分隔 启动 tomcat 服务器 cmd 窗口 输入  回车 所示
25,D0546852,Perl 循环 控制流 语句,标记 修饰符 标记 命名 空间 标量 变量 列表  特别 前置 符号 命名 命名 冲突 标记 名称 大写字母 数字 保证 保留字 冲突 选定 标记 放在 语句 冒号 即可 用法 示例  语句 不带 标号 修饰符  语句 时 退出 语句 块 标号 修饰符  语句 时 退出 标号 修饰符 语句 块 示例  退出 循环 c语言 中   语句 不代 标号 修饰符  语句 时 退出 本次 语句 块 判断 循环 条件 循环 标号 修饰符  语句 时 退出 标号 修饰符 相关联 循环 判断 循环 条件 循环 示例  含义 循环 c语言   语句 不带 标号 修饰符  语句 时 语句 语句 块 第一条 语句 标号 修饰符  语句 时 跳到 标号 相关联 语句 块 第一条 语句 示例  perl 特有 命令 含义 重复 循环 循环 变量 回到 循环 起始 点  命令 循环 中 不起作用
26,D0785743, 开启 僵尸 调试模式,    应用 调试 收到 类         错误 提示信息 内存 错误 释放 发送 消息        环境变量 销毁 时会 转化       释放 发送 消息  难以 理解 放出 错误 消息 预测 debug 断点 消失 找到 错误 释放     模式  scheme  scheme      点击 加号     加到     窗口 中 数写 
27,D0087501,  原理 杂谈   命令,文章 三篇 文章 续篇 三篇 小白 同学 概要 性 理解 git 整体 原理 快速 git 基本技能 团队 开发 建议 git 浅层 看客 老爷 完前 三篇 本篇 往后 本篇 小编 挑 细节 解析 细节 建立 读者 整体 原理 基础 废话 不多 主题 git  git  命令 也许 人会 轻视 常见 高频 命令 这有 没错 大可不必 关心 命令 原理 涉及 细节 项目管理 稍微 脱离 流程 命令 大部分 傻 几篇 风 编先 偏 表层 讲清楚 原理 消化 再进一步 讲解 内部 细节 原理 各层次 原理 理智 分析 掉  概念 官方 非 小编 自造 希望 心存 感激 顺利 git  git  同理 后文 命令 推送 服务器 幸运 有幸 底层 未知 git  命令 稍微 写 一点 命令 git     远程 代名词 几篇 讲解  远程 端的 分支 这句 命令 理解 推送  端的  分支 写 解释 推送 引入 希望 读者 思考问题 其内 原理 引入  概念  理解 通道 用于 连接 分支 远程 分支 远程 分支 远程  分支    仓库 分支 oc oc 初始状态 oc oc 分支 关联  git     oc 命令 oc 分支 建立 关联 oc  指向 好处 oc 分支 git  git  同理 不用 附加 git 自动 oc 分支  oc 分支 远程  远程  分支 建立 关联 oc 分支  oc 分支 上用 git  git  同理 目标 分支 推拉  几个 远程 关系 分支 分支 之间 流通 git  git    指令 之间 区别 举个 例子 我要 分支  远程 仓库  分支  建立 关联 途径 切换  分支 git   途径 git    git       两种 目的 通用 远程 库有  分支 可行 目标 分支 关联 git    相当于 git    git       希望 git  命令  概念 分支  顺利 番外篇 关键 题外话 git      命令 命令 电脑 安装 完后 小编 建议 须要 指令 这句 命令  命令 全局 模式 设置成  设置成 模式  小编 建议 后文 详解 联想 git       动作 后文  模式 说白了 是从 来到 例子 明白 分支  是从  端的  分支   模式 站  分支 git  命令 git 自动  更新 推到  端的  分支 不难 推断 有时候 git  目的 骂 git 版本    模式 入职 公司 远程 服务器 分支  公司 远程   模式   分支 git  分支 何方 推向 何方 读者  概念 明白 git   模式 导致 无脑 git  git   模式 模式 小编 特别 特别 详细 分支 名称 匹配 举个 例子 远程 分支 分支 分支 三个 分支  模式 站 分支 git  git 寻找 远程 分支 名称 分支 推送 小编 模式 危险 建议  模式 实用 站 分支 分支 出乱子 浅层 原理 理解 大部分 读者 疑惑 讲解 内在 原理 原理 做 铺垫 git  git  git  没错 没错 没错 也许 git  服务器 git  合并 git  获取数据 合并   git  丢 git  合并 减少 篇幅  模式 远程 情景 分析 举个 例子 公司 服务器 分支 名字  标识    标识  分支 开发  远程   开发 git  命令 自动  改动 推送  外层 原理 上文  理论 实际上 运作 原理 微妙 git  命令 命令 含义 展示 分支 类于 下图 三类 分支 名称 上半 白色 分支 这部分 分支 分支  类 分支 主意 绿色 左边 号 代表  所处 分支 切换 分支 下半  开头 红色 分支 指向 远程 分支 指针 理解 当成 远程 分支 临时 复制品 这是 概念 后文 详述 远程 分支 上图 红色 分支 第一行 右边 白色 分支   代表 远程 服务器 分支 上文 提到  概念 理解 认知 三种 分支    开头 分支    后文 简称    技术 交集 之间 关联 全是  桥梁  git  命令 git  改动 下载 更新  分支 git    差异 git  命令  中 合并  中 git 远程 仓库 之间 交互  过渡 git   模式   分支  指向   指针 指向 远程 分支    改动 git  git 会先 改动 更新  中  改动 推向 远程  中 理解   镜像 git  git  背后 分支 概念 这是 讲解 原理 基础 放在 说 文章 里会 讲解 关键 原理 灵活 git 解决问题
28,D0435629, 特有 语法,分类 分类 分出 一部分 放在 独立 分类 语法    分类 关系 分类 依赖 分类 分类 作用 用于 庞大 分割 开来 放到 分类 太 封装 类中 导致 庞大 分类 声明 成员 分类 成员 难以 维护 难以使用 分类 访问 原类 成员 分类  关键字 分类 原类 分类 覆盖 掉 开发 应用 分类 oc  oc  oc  保存 一段 数据类型 oc  作用 用于 封装 多种 解决方案 算法 oc   oc    oc  oc  块 利用 oc  封装      oc  访问 oc  内部 访问 外面 oc  内部 外面 局部变量 局部变量 oc  关键字 局部变量 oc  内部 利用  oc    oc  利用  oc  oc   oc   oc   oc       oc          oc  保存 有形 参  oc  协议 声明 协议 遵守 协议 类 遵守 多个 协议 协议  子类 继承 父类 子类 遵守 父类 遵守 协议 协议 中能 偶 成员 协议 类 声明  约束 存储 地址 遵守 协议 声明   包装 单利 模式 单利 模式 单利 作用 单利 模式
29,D0332349,微信 公众 平台 开发 获取,转自 本文 特别    app app  获取     授权    方倍 工作室 称为 全局    授权    全局    获取 关注 回复 消息        接口 请求 全局    全局    获取  详细信息 至此 适合 关注 回复 一条 关注 昵称 关注 公众 账号 时 回复 所示 扫描 二维码 体验  弹出 授权 页面 配置 回调 域名 构造 请求  页面  链接 回复 关注 点击 弹出 应用 授权 界面 回调 页面 链接 回调  中将   换取 授权     授权    授权    获取  获取 最终 所示 参考 适合 朋友圈 网页 自定义 菜单  网页 授权 权限 中用 自动 转换成 三中 微信 登录 提示框 微信 扫描 二维码 回复 授权 体验 获取  弹出 授权 页面 配置 回调 域名 构造 请求  页面  回调 页面   获取   获取 全局    一中 全局     获取  详细信息 成功 适合  网页 授权 网页 弹出 微信 登录 页面 减少 打扰 哪种 最合适 供参考 高级 接口 权限 　 　 消息 回复 三种 　 　 自定义 菜单 招商银行 信用卡 中心 康盛微 社区 高级 接口 权限 　 消息 回复 　 　 自定义 菜单 高级 权限 借用 app app  订阅 认证 获取 权限 　 　 消息 回复 　 　 自定义 菜单 　 　 高级 权限 借用 app app  未 认证 获取 权限 　 　 消息 回复 　 自定义 菜单 暂无 　 　 　 高级 权限 借用 app app  方倍 工作室
30,D0559964,   数据类型  变量 ,javascript 数据类型  变量  字符串 数字 布尔 数组  javascript 拥有 动态 javascript 拥有 动态 意味着 变量 用作 实例    数字    字符串 javascript 字符串 字符串 存储   变量 字符串 中 任意 文本 单引号 双引号 实例       字符串 中 匹配 包围 字符串 即可 实例                javascript 数字 javascript 数字 数字 小数点 不带 实例 小数点 小数点 极小 数字 科学 指数 计数法 书写 实例  javascript 布尔 布尔 逻辑 只能      javascript 数组 名为  数组                    实例     数组 下标 第一个 项目 第二个 以此类推 javascript 由花 括号 分隔 括号 内部 属性 名称 形式  属性 逗号 分隔       例子 中  三个 属性    空和折行 无关紧要 声明 横跨 多行       属性 两种 寻址 实例      变量 含有 变量  清空 变量 实例     声明 变量 声明 新 变量 时 关键词  声明                javascript 变量 声明 变量 时 新 时 书写     oc  html html       javascript               oc     oc      html oc  html html              javascript  oc               oc        html
31,D0235990, 用法 实例 分析,通俗  java json 类库 性能 本文  用法 做 详细 实例 分析 简介  序列化 序列化 效率 测试 无论是 哪种 形式 转换   json   能力 高出 json  倍 正确性 相比之下 json  停止 更新 最新 版本 jdk  社区 活跃 实例  用法 介绍  很多类 序列化 序列化  app 此类 类于 json  json  此类        用于 转换 此类 文档 地址 重复 描述 涉及  app  app  app   app 序列化 序列化 介绍 用法 序列化 java 自带 序列化 测试 例子 序列化 控制台 输出 结论  序列化 自定义 序列化 测试 例子 例子 通用性 此类  引用   日期  序列化 控制台 输出 结论 输出 转换 json 符合 符合标准 介绍   形式 效果 此式 无效 生成     输出 自定义 输出 自定义 例子 采用 介绍  台上 输出 记过 结论 输出 想要  输出 式 json  式 简便 序列化 序列化 所用 例子 依然  台上 输出 结论  json     json  json 写入 网络流 json 写入 内存 用途 更广 序列化 一次性 序列化 利用  app  json     json  输入 json 填充 填充 json 解析 自定义 类中 json 串为 自定义 类 利用 段 json 序列化 此类 利用 台上 输出 json 串反 序列化 自带 类 json 自带  变量     利用   app  json   json 序列化 变量   控制台 渐次 序列化 灵活 感兴趣 json 信息提取 利用  app     json node 类来 测试 例子 json 比较复杂 嵌套 数组 形式 通用性 序列化 控制 台下 输出 结论 类于  解析 中  解析 好处 结构 明细 想要 缺点 耗时 费 空间  json 所示 便利 灵活 一次性 需 读取  齐全 序列化 序列化 多种 细节 控制 注解  延迟 注入 式 不太 仔细 研究 留待  支持  一系列 序列化 序列化 思路 解析 json 大致相同
32,D0319895,做过 水题,蓝桥杯 决赛 前一天 整理 博客 一月份 一共 五十四 艾玛 写 去年 暑假 一年 水平 做 入门级 水题 回首 一年 台州 蓝桥杯 题库  一段 有趣 历程 题目 难度 熟练 语言 级别 分成 几个 类别 保证 写 结题 报告 写 题意 光秃秃 太 令人 伤感 语言 基础 超 水题 蓝桥杯 基础 数列特征 求 最小 总和 数字 蓝桥杯 基础 查找 整数 查找 中 整数 序号 数组 遍历 蓝桥杯 基础 回文 输出 回文 二重 蓝桥杯 基础 冒泡排序 网上 交 作业 烦恼 素数 判断     判断 升序 降序 数字 三角形 三角形 边长 判断 条件 判断 题貌 当初 三角形 个数 给出 周长 求 符合 周长 不等边 三角形 个数 嵌套循环 蛇行 矩阵 输出 规律 数阵 规律 二维 数组 蓝桥杯 basic 读法 条件 判断 蓝桥杯 错误 票据 重复 缺漏 数字 转换 进制 转换 二进制 转换 十六进制 变 数字 二进制 形式 之间 改变 位 二进制 转换 蓝桥杯 基础 十进制 十六进制 蓝桥杯 基础 十六进制 十进制 字符串 蓝桥杯 基础 字母 图形 字母  顺序 蓝桥杯 basic 字符串 蓝桥杯 打印 十字 找 规律 打印 隐藏 数字 字符串 中 数字 求 祝福 玉树 输出 心形 单词 字符串 中 单词 个数 字符串 处理函数 注 首次 时 指向 分解 字符串 设成   中 查找  中 并用  替换 找遍 字符串 破译 密码 字符串 中 字母 转换 入门篇 递推 蓝桥杯 基础 杨辉三角 递推 公式 入门级 动态规划 暴力破解 蓝桥杯 基础 数字 水仙花 遍历 蓝桥杯 基础 回文 遍历 贪心算法 田忌赛马 基础   背包 结构体 暑假  基础 结构体 排序 背包  背包 搜索 蓝桥杯 带分数 全排列 素数 回溯 dp  生日蛋糕 dp 剪枝 基础     界 dp     一箭双雕  dp  棋盘  皇后 dp  生成 重集 全排列  生成 重集 全排列  水题   放 苹果  递归   运算  dp 解法   入门级 bfs    入门级 bfs
33,D0078693, 系统监控 诊断 工具  命令 详解,接触  陌生 名字    作用 监控 实时 负载 进程 资源 占用率 各项 状态 属性 张  截图      image               统计 行是 整体 统计 行是 队列    登录 用户数   负载 队列 平均 长度 三个 分钟 分钟 分钟 前到 平均 三个 判定 负载 过高 持续 大于 cpu 个数 优化 架构 进程 cpu 统计 进程 cpu 当有 多个 cpu 超过 两行   进程 总数  进程   睡眠 进程   停止 进程   僵尸 进程 cpu  空间 cpu 百分比  内核 空间 cpu 百分比 进程 空间 改变 进程 cpu 百分比 空闲 cpu 百分比 等待 输入输出 cpu 百分比    中断请求     物理 总量  物理 总量  空闲 总量 用作 内核 缓存 量  交换 总量  交换 总量  空闲 交换 总量  缓冲 交换 总量 换出 交换 换入 交换 尚未 覆盖 该数 交换 换出 时 交换 写入 计算 可用内存 已用  之外  shell                 可用内存 算     算     判断 内存不足  大于 判断 瓶颈 优化  区别                       应用程序 角度  等于   提高 读写 性能 应用程序 需在 用到   很快 地被 回收 应用程序 角度 可用内存    块 设备 做 缓冲 记录 文件系统       做 缓冲 那就是说  存储 目录 权限  记忆 打开 想 真的 生效 试一下 两次  日志 nginx   感觉 第二次 开打 速度快 linux 暂时 缓存 提高 性能 时 自动 释放 不像 windows 空闲 访问 磁盘  进程 统计 区域 下方 进程 详细信息 认识一下 各列 含义 序号 列名 含义  进程  父 进程      ui 进程 所有者   进程 所有者 用户名  进程 所有者 组名  启动 进程 终端 终端 启动 进程   正 低优先级  cpu cpu 环境 意义  cpu 上次 更新 cpu 百分比  进程 cpu 总计 单位 秒  进程 cpu 总计 单位 秒  进程 物理 内存 百分比  进程 虚拟内存 总量 单位  进程 虚拟内存 换出 单位  进程 换出 物理 内存大小 单位     物理 内存大小 单位  段栈 物理 内存大小 单位   共享内存 单位  页面 错误 次数  写入 页面  进程 状态 中断 睡眠 状态 睡眠 跟踪 停止 僵尸 进程  名 命令行  若该 进程 睡眠 睡眠 名  标志 参考  查看 指定 下仅       cpu   快捷键 更改 键 列表 即可 隐藏 回车键 键 改变 顺序 键 改变 顺序 小写  右 大写  左 回车键 键 进程 按列 排序 大写 键   进程 排序 大写 键 排序 倒转 常用 交互 角度 熟练 选项 字母 命令行 选项 中 选项 屏蔽掉  擦除 重写 屏幕 画面 给出 简短  终止 进程 提示 终止 进程  发送给 进程 信号 终止 进程 信号 结束 信号 强制 结束 进程 默认值 信号 模式 中此 屏蔽 忽略 闲置 僵死 进程 这是 开关 退出 重新安排 进程 级别 提示 改变 进程  进程 值 降低 使该 进程 拥有 优先权 默认值 切换 累计 模式 改变 两次 刷新 之间 延迟时间 提示 新 单位 小数 换算 成 值则 刷新 默认值  太小 刷新 看清 负载 大大增加 中 删除 项目   改变 项目 顺序 切换 平均 负载 启动 切换 内存 切换 进程 cpu 状态 切换 名称 完整 命令行 驻留 内存大小 排序 cpu 百分比 排序 累计 排序 写入  中  配置文件 推荐 擦除 重写 屏幕 画面 给出 简短  终止 进程 提示 终止 进程  发送给 进程 信号 终止 进程 信号 结束 信号 强制 结束 进程 信号 模式 中此 屏蔽 忽略 闲置 僵死 进程 这是 开关 退出 重新安排 进程 级别 提示 改变 进程  进程 正 优先级 降低 使该 进程 拥有 高 优先权  切换 累计 模式  改变 两次 刷新 之间 延迟时间 提示 新 单位  小数 换算 成  刷新 太小 刷新 看清 负载 大大增加   中 删除 项目   改变 项目 顺序 切换 平均 负载 启动 切换 内存  切换 进程 cpu 状态 切换 命令 名称 完整 命令行 驻留 内存大小 排序 cpu 百分比 大小 排序  累计 排序 写入  中  配置文件 推荐 技能  命令 技巧 大写 cpu 降序 排序 大写 内存 降序 排序 数字 cpu 核心 负载   每隔 秒 刷新 秒  监控 指定 进程   真实 保存 文件系统 用户名  标识   进程  一屏 供 管道          控制字符 管道 乱码  翻页  大写 cpu 降序 排序 输入 大写 内存 降序 排序 数字 cpu 核心 负载  每隔 秒 刷新 秒  监控 指定 进程   真实 保存 文件系统 用户名   标识  进程  一屏 供 管道           控制字符 管道 乱码  翻页  
34,D0368278,代理模式 静态代理 动态代理,代理模式 常用 设计模式 目的 控制 访问 负责 委托 预处理 消息 过滤 消息 转发 消息 消息 委托 后续 静态代理 只能 编译器 动态代理 反射 机制 动态代理 各种类型 静态代理 程序员 工具 生成 源码 静态 程序运行 前 字节 委托 前 静态代理 类图 静态代理 贴 兴趣 下载 静态代理 缺点 接口 注释 去掉 代理 类里 做个 增加 复杂度 动态代理 缺点 动态代理 动态代理 源码 程序运行 期间 jvm 反射 机制 生成 代理 字节 代理 委托 关系 程序运行 动态代理 java 中要 动态代理 机制 java    oc   handler 接口 java    支持 java    oc   handler 接口  代理 委托  委托   时所 java    代理   加载 委托   接口 委托  oc   handler  oc   handler 接口 子类 实例 代理 完 先来 一幅 第一版 动态代理 类图 版画 动态代理 类图 动态代理 延迟 加载 真实 类解 耦 我用 客户端 时才 实例 想要 真实 类 动态代理 类 真实 类才 发生 关系 类图 少 类 类图 说  类 表现 改进 动态代理 张图    oc   handler 类 说   oc   handler  动态代理 原理 捎带 有人 说 老师 也许 张图 不太 理解 没关系 就行 贴 兴趣 下载 思考 动态代理 
35,D0428922,  学习笔记   常用命令,git 暂存区 git  git  命令 时 扫描 工作 改动 git  记录 用于 跟踪 工作 戳 长度 判断 工作 改变 工作 戳 改变 改变 打开 读取 更改 原始 相比 判断 更改 更改 戳 记录 git  git  撤销 暂存区 尚未 提交 git    撤销 暂存区   查看 git 版本信息 git   姓名 邮箱 git    git       命令 别名 git    git 命令 输出 开启 颜色 git   ui  初始化 git  当前目录 初始化 苦苦 git   当前目录 新建  文件夹  初始化 库 工作 搜索 git  库 git 路径 git   git  工作 根目录 git      工作 根目录 git     当前目录 后退 工作 根目录 深度 git     git   意义 库 git  库中 配置文件  优先级 全局 配置文件 配置文件 system 删除 git 全局 配置 用户名 邮箱 git 提交 验证 用户名 密码 用户名 密码 提交 失败 git    git     查看 库 提交 日志 git    详细 库 提交 日志 git    一行 中 库 提交 日志 git   每次 提交 变更 统计 git  工作 暂存区 中 差异   暂存区 库中 差异 git  精简 式 状态 输出 工作 暂存区 git  第二列 工作 暂存区 库中 暂存区 第一列  工作 暂存区 版本 库中 两两 互不
36,D0963482,    按钮 文本 颜色,想   背景 颜色 黑色 内部 颜色 白色 我用 这段 按钮 文本 颜色 箭头 颜色 导航 栏 按钮 颜色 颜色 解决方法 ios ui   属性 发生 变化 下图 颜色
37,D0770268, 理想 继承 寄生 组合式 继承,传统 组合式 继承 缺点 传统 组合式 继承 子类 拥有 实例 属性 子类 构造函数 里 基类 构造函数 用于 覆盖 原型 链 继承 共享 属性 组合式 继承 两次 基类 构造函数 第一次 子类 原型 声明 基类 实例 第二次 子类 构造函数 中 基类 构造函数 寄生 组合式 继承 寄生 组合式 继承 利用   原型 链 继承 原型 继承 基类 构造函数         中 生成 第一个 生成 原型 第二个 用于 属性
38,D0760914,单片机 花样 流水 灯,学习 单片机 流水 相关 分享 单片机 编程语言 c语言 熟悉 c语言 控制 开发板 流水  固定 位置 头文件 中  位置 变量 应 点亮          点亮 介绍 流水 循环 闪烁 段程序  循环 书写 理解 写法 试试 办法                           两行 延时器           段程序 流水 循环 闪烁 街头 广告牌 常见 红绿灯 原理 制作
39,D0455864,腾讯  参展 北京 大会,  主办 全球 顶级 盛会 伦敦 北京 东京 纽约 圣保罗 上海 旧金山 年 月份 首次 举办 有超 万名 高级 技术人员 参加  大会  源于 实践 面向 社区 演讲 嘉宾 热点话题 面向 年 团队 负责人 架构师 工程 总监 高级 开发人员 分享 技术创新 最佳 实践 腾讯 公司 组团 多位 讲师 上台 分享 产品 多款 产品 大会 展出 腾讯   本次 大会 高级 赞助商 现场 引发 参会者 关注 修复 崩溃 提升 留存 标语 吸引 开发者 驻足观看 腾讯   专注 移动应用 崩溃 监控 实时 监控 智能 归类 平台 支持 超越 国内 竞争对手 参会者 认可 现场 前来 咨询 美团 京东 华为技术 蘑菇 街 知名 互联网 企业 负责人 提到 工作 中    崩溃 分析 修复    脚本 堆栈 支持 能力 sdk 硬件 兼容性 性能 影响   产品 负责人 解答 互联网 媒体 腾讯   表现 兴趣 极客 学院 运营 总监  来到   展台   负责人 陈淮 腾讯   移动应用 中 作用 深入探讨 提出 开发者 关心 接入   崩溃 监控 sdk 借助   平台 提升 质量   负责人 陈淮 详细介绍 接入 腾讯   分享 腾讯 内部 产品   解决问题 经验 想 第一 腾讯 哥是 借助   崩溃 分析 关注 公众号 腾讯   精彩内容 关注 腾讯   微信 公众号
40,D0825229,设计模式 学习 策略模式 容错 恢复 机制,容错 恢复 机制 应用 程序开发 中 常见 程序运行 某种 某种 发生 错误 崩溃 出错 备用 方案 日志 记录 例子 日志 记录 数据库 日志 记录 当做 两种 记录 日志 策略 日志 记录 策略 接口 日志 写 策略 日志 写 数据库 策略 日志 上下文 策略 错误 客户端
41,D0943630,黑马 程序员 装饰 类 设计模式,    android 培训     java 培训  期待 交流 装饰模式 继承 灵活 集成 体系 臃肿 降低 类 类 之间 关系 类 增强 已有 具备 已有 只不过 类 类 体系 中  装饰 类 自定义  类  想法
42,D0089205, centos 目录 作用 详解,文件系统 linux 四种 文件系统 连接 可用 识别 文本文件 c语言 元 shell 脚本 二进制 可执行文件 可用     mac 察看  改名 包括 文件名 子目录 指针 linux 储存 文件名 唯一 地方 可用 列出 连接 指向 索引 节点 条目 查看 连接 标志 开头 面后 指向 连接 linux 设备 磁盘 终端 打印机 文件系统 中 一类 放在 软驱 称为 linux 概念  第一 linux 新手 感到 迷惑 特别 windows 转过 新手 linux 结构 奇怪 讲 linux 干什么                             根目录 电脑 有且 根目录 东西 东西 是从 举个 例子 终端 里 输入  告诉 电脑 先 根目录                       这是 系统管理员   系统管理员 好比 上帝 对系统 做 事情 包括 删除 请 小心  帐号    linux                      shell       标准 或者说 缺省 linux 工具    统 变量 终端 里 输入  查找                            系统配置 举个 例子 安装  套件 想要  配置文件 发现 配置文件                         设备 包括 外设 unix linux 设备 当成 连线 打印机 是从 工作 包括 磁盘  放在                                          桌面 文件夹 放在 位置  用户名              linux             linux                 这是 临时 两次 用到 放在 linux 定期 自动 清理 放在                                                                  找到 适合 放在   额外 工具 游戏 工具 拉  子目录   用于 存放程序   用于 共享 音乐文件 图标  用于 却是 程序运行 必需 函数库 软件包 管理器 新立 自动                                        可选 尝试 最新  测试版 装到 尝试 完 删掉  删除 影响 安装 放在 同个 举个 例子 测试版      运  删除  删除   即可 非常简单  oc                                     oc       oc  oc 手动 安装 新立   安装  相类 结构 软件包 管理器 管理  自定义 脚本  放到  oc 不错 主意                    linux 发行版 挂载  接口 移动硬盘 包括   驱动器 补充  位于     类 中 普通用户 基础 基础 命令 放在     类 根目录    用于 紧急 维护 中 命令  linux 内核 引导 文件目录    位于 中   引导 管理器 位于  文件系统 中 意外 崩溃 机器 意外 关机 碎片 放在 系统启动 中  工具 检查 修复 损 坏 文件系统 发生 移到 中 手工 修复 移到 位置  用于 挂载 储存 设备 挂载  参看   开机 自动 挂载 文件系统 挂载 放在   中 光驱 挂载   软件包 安装 自定义 软件包   中  安装 编译 软件包 安装 中 源码 安装   oc 操作系统 进程 内核 cpu 硬盘分区 内存 oc 伪装 文件系统  oc 挂载  oc 文件系统 参见     涉及 命令 超级 权限  执行命令 普通用户 权限 命令        oc   记住 就行了   中  权限  存放程序 命令 帮助文件 安装 linux 发行版 官方 软件包 安装 涉及 配置文件 配置文件 安装  中  包括 涉及 字体        oc 普通用户 可执行文件    oc    超级 权限  执行命令 目录        oc   头文件 目录  目录 变动 名字 理解  缩写 下有  这是 系统日志 目录  目录  站点 目录  库 mysql mysql 数据库 目录 技巧 linux 中 目录 大型软件 目录 谷歌 浏览器 google  安装 中 单独 区 中 安装 太 容量 占用 容量 地方 建立 目录 转移  单独 区 容量 空间 浪费  本来 安装 地方  建立 文件夹 右键 点击  链接 名为  链接 剪切  删除  链接 改名  安装  实际上 安装   实际上 符号 链接  oc 目录 存放 编译 安装 存放 目录 源码 安装 软件 特别 指定 安装 目录 安装 目录 中 目录 子目录   共用 东西 存放    字体 目录    oc   帮助文件   系统日志 存放 分析 目录 东西   打印机 邮件 代理服务器 假 脱机 目录 转 地址
43,D0266482,    , 二分查找 树中 节点    节点  指针 域  指针 域 递归 思想 一步 一步 写出 源码     空数 指针    指针 存放 节点 双向 链表 根河 双向 链表     先 左子数 转换 双向 链表 第二个  左子数 节点 转换 双向 链表          双向 链表 空 正确 链接 节点          右子数 转换 双向 链表 第二个  右子数 节点 转换 双向 链表          双向 链表 空 正确 链接 节点          节点  转换 双向 链表 一步 转换 双向 链表 指针 节点 原子数 位置 判断 节点  树种 以右 节点 形式 节点 为头 指针 双向 链表  为根 节点 最小 节点 节点 最右 节点 便是 文字 描述              主 一段 包装 独立    第二个  当做 右子数 看待 最终 树中 最小 节点       思路 之二 遍历 二元 遍历 从小到大 遍历 假设 遍历 子树 节点 排序 双向 链表 双向 链表 指针 轻易 节点 相连 右子数 排序 双向 链表 节点 轻而易举 链接 子数组 排序 双向 链表  为根 转换 排序 双向 链表 链接   调整 双向 链表 尾 节点             树           节点 链接 调整 双向 链表 尾 节点   转换 双向 链表 尾 指针             节点 双向 链表 节点    转换 右子数 顺利 双向 链表 节点 数装换 双向 链表 相连                     调整 双向 链表 为空 尾 指针 为空     树 转换 双向 链表   链表 中 节点        链表 指针 向前 节点 指针                       排序 二叉树 转化成 双向 链表 一道 常见 面试 题目 网上 有用 递归 有用 中序遍 历法 一位 外国 友人 清晰 思路 树不为  树 递归 左子 树为 双向 链表 找出 结点 前驱 节点 左子 树 最右 节点 一步 找出 节点 结点 连接起来 树不为  树 很类 递归 树为 双向 链表 找出 结点 后继 节点 右子 树 节点 一步 找出 节点 结点 连接起来 找到 左边 节点 附上 国外 友人 链接 代码实现     节点   节点
44,D0273413,集群   新      ,本文 介绍 集群      希望 刚刚 接触 朋友 介绍 先 回顾 oracle  地址 oracle   第三方 集群 软件   客户端   访问 数据库 第三方 集群 软件 服动  服动  访问 数据库 当某 节点 故障 对外 客户端 请求 连接 节点   连接 请求 会长      超时 分钟 超时 实时性 高 应用 致命  经历 技术 层面 这是 网络层 应用 等待 网络层 超时 解决 oracle 引入  类于 第三方 集群 软件 浮动  说  网卡 节点  快速   节点 客户端 连接 请求  客户端 连接 请求 错误 快速 跳  重新分配  客户端 连接 时    最终 连接 数据库 应用 透明 感觉 不到 连接 延时 简介      引入    域名 解析 至少  解析  客户端 名字 访问 数据库 好处 集群 增加 节点 删除 节点 额外 维护 客户端 客户端 原有  oracle 推荐     子网 oracle 推荐 dns  解析 dns   办法 oracle 推荐 只能   集群 中有 资源 一类  另一类    成    dns 解析  地址  作用 接受 客户端 连接 请求 查看   后文 介绍 数据库 初始化    目的  监听 实例 记录 实例 压力 负载均衡 转发 客户端 请求 客户端 访问 数据库 客户端 发出 连接 数据库 请求 dns 解析  客户端 客户端 随机  地址 客户端  访问 节点 节点  接受 请求  压力 最小 数据库 实例 压力 最小 数据库 实例 oc  地址 将会 客户端 最终 oc  客户端 请求 建立 数据库 连接 客户端  配置      oc          service 客户端 连接 sql   连接 sql   常用命令 查看 配置                      查看  配置                  查看  状态   查看   状态     文档  介绍 oracle  网站 查看 篇文章  介绍 希望 理解            oc               oc 推荐 学习 oracle 在线 文档 详细 介绍 包括 新   安装 常用 管理 解决 平时 大部分 疑问 集群   安装 管理 文档  安装 管理 文档 
45,D0208342,     姿势 详解,做 平板 发现 规范 偶然 修复 支付 项目 地方 移除 模块 支付 闪退 是因为 移除 缘故 debug 发现 关系 印象 移除 闪退 意外  研究     正确 姿势     说 消息 机制 广播 观察者 消息 注册 感兴趣 东西 当有 地方 发出 消息 通知中心 发送给 注册 消息 起到 多个 之间 解 耦 作用 苹果 封装     注册 移除 姿势 正确 姿势 正确 姿势     注册 共识 发现 ui  controller   移除 好像 想 疑问  销毁 自动 置  苹果 神奇 一步步 探究       引用 计数 加 保存 地址 验证 做 测试 测试 注册 类 初始化 注册 销毁 vc 销毁 vc 发现 打印 发现 向野 指针 消息 挂掉 苹果 保存 地址 销毁 置  证明   ui  controller 注册 移除 挂掉   controller 页面  点击 按钮 事件 点击 按钮 不挂 这下 郁闷 找找看     肯定 指针 看来看去 只能 ui  controller 销毁 帮 证明 看不到 源码 有没有 通知中心 下手 下手 证明 ui  controller 销毁 证明 猜想 用到 强大 类别 特性     类别 重写      vc 导入 类别  发生 证明 ui  controller 销毁 建议 开发 类别 覆盖 原有 类别 高 优先权 影响 地方 调试 提醒 销毁         注册 正确 姿势 重复   开发 页面 注册 页面 消失 移除 成双成对  app      app    消息 发生 牢记在心 正确 姿势 多线程 苹果 官方                            ui                                                                                 app         消息 接受 消息 同步 有时候 发送 消息 不在 主线 ui 主线 响应 收到 消息 通知 线程 看个 示例 通知 平常 知识点 希望 养成 习惯 移除 移除
46,D0405807, 常用命令,组件 相关 打开 命令行 窗口 打开 控制中心  打开 编辑器 配置 相关 查看 诊断 日志 查看  查看 错误码  列出 数据库管理 配置 实例 级   列出 数据库管理 配置 级     获取 数据库管理 配置     打开 在线 备份 支持       启用 出口        启用 归档 日志       启用 增量 备份 获取 管理器 快照      编目         编目         反 编目    反 编目    查看 版本 实例 系统启动 自动  自动  自动 清除  优化 数据结构                实例 相关 实例  删除 实例  数据库管理 实例   实例   拥有 实例  实例 停止 实例    连接 相关 连接       断开 连接   查看 应用  app     强制 断开 应用  app    查看 相关 列出  列出  列出 激活    列出       列出    列出    列出 特定     查看 应用 进程 号  app       相关         删除    缓冲 池 相关 缓冲 池    表空间 相关 临时 表空间               表空间             查看 数据库表 分配 状况       相关 模式   相关 结构 新表    导入到     分隔符 加载 号          指定 分隔符 加载             结构    相关 列 数据类型          备份 相关   离线 脱机 备份 戳    在线 联机 备份 戳     开启 三个 增量 备份 戳            查看 备份 记录       恢复 数据库         导出                      中 每行 只能 列出 完整 表名                                  导出  式    mysql      导出 式    mysql     记录 导出 中      mysql     mysql         mysql     导入 忽略 自增列     mysql          建表 导入     mysql       提取 数据库 结构       c  mysql 脚本 相关 脚本    sql
47,D0466794,  ,从今天起 跟着 教程 写  博客 希望 第一篇 点  先看 一张 整体 图片 上图 想  客户端 需求 java   访问 windows  访问 实战  类库 名称  service 此类 库中  完后  接口  做 名称  类中 做 宿主 第二步  依赖于 宿主 找 安身 场所 新建 控制台 应用程序 名称  service  核心  system service   类库 引用 配置文件 配置文件 做 配置文件 启动 宿主 写  service 寄宿 宿主 启动 成功 对外 地址   oc  访问 地址 下述 界面 代表 成功  发布 成功  访问 新建   网站 应用程序 启动 宿主 引用 做 页面 文本框 命令 按钮   现实 文本框 文本 最终 效果 小结 一系列  一节  多个 契约 本篇 博客 源码 地址
48,D0061553,排序算法 分析 ,　 　 头疼 数据结构 酱油 学期 勉强 写出 冒泡排序 下半年 工作 排序算法 重要性 面试 必问 知识点 花 研究 　 　 分类 分为 两种 记录 存放 称为 外存 称为 外 讲 　 　 分为 几类 　 　 直接插入排序 二分法 希尔排序 　 　 堆排序 　 　 交换排序 冒泡排序 快速排序 　 　 归并排序 　 　 基数排序 • 思想 每步 记录 大小 序列 合适 位置 完 • 关键问题 排好 序列 找到 合适 位置 • 直接插入排序 希尔排序 直接插入排序 从后 向前 找到 合适 位置 　 　 思想 每步 记录 大小 序列 合适 位置 从后 向前 找到 合适 位置 完 　 　 实例 　 　 　 　  　 　 分析 　 　 直接插入排序 稳定性 分析 　 　 初态 直接插入排序 耗费 很大 差异 初态 正序 记录 找到 合适 位置 时间复杂度 初态 反序 记录 找到 合适 位置 时间复杂度 最坏 　 　 直接插入排序 平均 时间复杂度 二分法 二分法 找到 合适 位置 　 　 思想 二分法 思想 找 合适 位置 二分法 找到 合适 位置 减少 　 　 实例 　 　  　 　 分析 　 　 二分法 　 　 比较次数 记录 初始状态 无关 依赖于 记录 个数 较大 直接插入排序 比较次数 少得 大于 直接插入排序 最小 比较次数 直接插入排序 最坏 平均 希尔排序 　 　 思想 先取 小于 整数 第一个 记录 分成 个组 距离 倍数 记录 放在 同一个 组中 各组 第二个 增量 重复 分组 直至 所取 增量    记录 放在 一组 直接插入排序 实质 分组 插入方法 　 　 实例 　  　 　 分析 　 　 元素 插入排序 稳定性 被打乱 希尔排序 　 　 希尔排序 性能 优于 直接插入排序 原因 　 　 当文件 初态 有序 直接插入排序 需 　 　 小时 差别 直接插入排序 时间复杂度 最坏 时间复杂度 差别 　 　 希尔排序 增量 较大 分组 每组 记录 数目 各组 增量  缩小 分组 减少 各组 记录 数目 增多  距离 排过序 接近 有序 新 一趟 　 　 希尔排序 效率 插人 较大 改进 　 　 希尔排序 平均 时间复杂度  • 思想 每趟 记录 序列 关键字 最小 记录 放置 表 最前 位置 全部排 完 • 关键问题 剩余 记录 序列 找到 最小 关键码 记录 • 堆排序 　 　 思想 一组 数中 选出 最小 第一个 位置 剩下 找 最小 第二个 位置 循环 倒数 第二个 　 　 　 　 实例 　 　  　 分析 　 　 　 　 时间复杂度 堆排序 　 　 思想 　 　 堆排序 树形选择排序 改进 　 　 元素 序列  当且   称之为 讨论 条件 由堆 堆顶 元素 第一个 元素 必为 大顶 叉 直观 结构 堆顶 根 左子 右子 　 　 思想 序列 看作 一棵 顺序存储 二叉树 调整 根 节点 根 节点 节点 个数 调整 依此类推 节点  节点 有序 序列 描述 堆排序 一是 建立 二是 顶 元素 位置 堆排序 一是 建堆 渗透 二是 反复 渗透 　 　 实例 序列 　 　 建堆 　 　 交换 从堆 踢出 最大数 依次 堆中 剩余 结点 交换 踢出 　 　  　 　 分析 　 　 堆排序 排序算法 　 　 堆排序 优于 原因 　 　  中 选出 关键字 最小 记录   中 选出 关键字 最小 记录  事实上  中  次 中 做过 一趟 时未 保留 一趟 重复 　 　 堆排序 结构 保存 减少 比较次数 　 　 堆排序 最坏  堆序 平均 性能 接近 最坏 性能 堆 需 比较次数 堆排序 适宜 记录 数较 少 交换排序 冒泡排序 　 　 思想 一组 数中 排好 自上而下 相邻 依次 调整 较大 往下沉 相邻 数 发现 互换 　 　 实例 　 　  　 　 分析 　 　 冒泡排序 排序 　 • 初状 正序 一趟 起泡 排序 排序 码 比较次数  记录 时间复杂度  • 初态 逆序  趟 起泡 每趟  次 排序 码 每次 三次 次数 ∶ • 起泡 排序 平均 时间复杂度 快速排序 　 　 思想 基准 元素 第一个 元素 元素 一趟 扫描 将待排 序列 分成 一部分 基准 元素 一部分 大于 等于 基准 元素 基准 元素 排好 序后 正确 位置 再用 递归 排序 划分 　 　 　 　 实例 　 　   复制     快速排序       system   排序   system  快速排序 ui system   system   排序     system      ui             加 判断 递归 退出 导致 堆栈 溢出 异常                      基准 元素    找到 基准 元素 元素 位置                             复制 　 　 分析 　 　 快速排序 排序 　 　 快速排序 时间复杂度  　 　  较大 快排 序列 有序 时用 快排 不好 归并排序 　 　 思想  排序 法是 有序 表 合并 新 有序 表 排序 序列 分为 若干个 序列 序列 有序 有序 序列 合并 整体 有序 序列 　 　 实例 　 　  　 　 分析 　 　 归并排序 排序 　 　 归并排序 时间复杂度  　 　 速度 仅次于 快速排序 排序算法 用于 总体 子项 有序 数列 基数排序 　 　 思想 数 正整数 统一 数位 长度 数位 短 数 补零 最低 依次 排序 最低 排序 排序 数列 有序 序列 　 　 实例 　 　  　 　 分析 　 　 基数排序 稳定 排序算法 　 　 基数排序 时间复杂度   位数 基数 稳定性 　 稳定 冒泡排序 插入排序 归并排序 基数排序 　 　 稳定 快速排序 希尔排序 堆排序 平均 时间复杂度 　 　  直接插入排序 冒泡排序 　 　 规模较 小时 直接插入排序 选择排序 较大 时 冒泡排序 代价 性能  算法 相邻 元素 稳定 　 　   快速排序 归并排序 希尔排序 堆排序 　 　 快排 希尔 堆排序 数据量 很大 时 效果 排序算法 　 　 规模较 　 　 序列 序 直接插入排序 　 　 稳定性 作 宜用 选择排序 稳定性 宜用 插入 冒泡 　 　 很大 　 　 内存空间 序列 杂乱无序 稳定性 快速排序 付出  额外 　 　 序列 有序 稳定性 宜用 归并排序 　 　 很大 　 　 稳定性 有求 归并排序 　 　 稳定性 宜用 堆排序 　 　 序列 初始 有序 正序 宜用 冒泡 参考资料 　 　 　 　
49,D0337182, 程序设计 笔记,第一个 c语言   　 　 打开 新建 源代码 注 确保 英文 输入 状态 　 　 保存  visual  　 　 打开 新建 工程  app   输入 工程 工程 路径  　 　 新建    文件名 注 后缀名 　 　 组建  链接  详解 第一个 框架 课程 一段 学习 框架 输出 字符串  原封不动 输出 输出 换 一行 暂停 编译器 一闪而过 加 注 福建省 二级 考用  编译器 加 位置   结束 花 括号 注 写法 规范 省考 编译器 支持 建议 越 接近 标准 可移植性 越 符合 标准 标准 反对 形式 现实 编译器 形式 编译器 形式 形式 编译器 间 编译器  形式 勉强 接受 错误 编译 发现 错误 地方 会以 红色 底   错误 原因 列 下方 窗口 里 英文 编译器 给出 错误 提示 猜 鼠标 双击 那句话 定位 提示 一行 一行 一行 一行 错误 中文 做点 计算 整数 输出 位置 四则运算 命令行 编译 先用 编辑器   编译          结构化程序 设计 思想 　 　 自顶向下 逐步求精 分而治之 观点 　 　 顺序 分支 循环 三种 结构化程序 设计 原则 步骤 原则 中 顺序 循环 控制结构 程序逻辑 选用 控制结构 准许 入口 出口 语句 识别 每块 入口 出口 控制结构 组合 嵌套 尽量避免 跳转 语句   语句 步骤 分析 建立 数学模型 算法 设计 编码 测试 建立 文档 几个 例子 一遍 复制粘贴  支持 
50,D0089977, 学习笔记 双目 测距 三维重建  集锦 图像 获取 单目 定标,原文 地址 双目 测距 基本原理 如上图 所示 双目 测距 利用 目标 两幅 视图 成像 横向 差异 视差 目标 点到 成像 平面 距离 反比例 关系   量纲 像素点 量纲 定标 板 棋盘 尺寸 输入 毫米 单位 精度 提高 毫米 量级   量纲 像素点 分子 分母 约 量纲 假设 目标 左 视图 视图 视差 目标 左 摄像头 光心 原点 坐标系 上图 所示 变换 矩阵  精确 求得 三维空间 里 距离  焦距 视差 摄像头 中心   额外 平面 坐标系 坐标系 中原 偏移      标定 初始 校准 优化 摄像头 数学 平行 放置 摄像头   图 视图 平行 对准 理想 形式 立体匹配 做 工作 基础 求取 变量 视差 亚 精度 最终 一个点 坐标 工作 几步 标定 校准 围绕 精确    设计 图像 获取 打开 多个 摄像头   类  摄像头 捕获 读书笔记 文中 提及     读取 摄像头 一位 研友 来信 讨论 说 摄像头 指针 摄像头 序号 降序 顺利 打开 多个 摄像头 采用  读入 采集 摄像头 验证 确实 解决     调整 画面 大小 速度 过慢 摄像头 打开 摄像头 序号 升序 编写     第一个 摄像头 序号 窗口 灰色 图像 程序运行 速度 缓慢 现象 改为 降序 编写 实时 摄像头 画面 原因 有待 分析 讨论 多个 摄像头 画面 同步 抓取 摄像头 下用  即可 抓取 一帧 画面 实际上      详见 learning  页  摄像头 画面 即时 复制到 内部 缓存    预定 义   型空 指针 指向 缓存 取出 保存  内部 缓存 读取 覆盖 掉   抓取 新   解释  作用 摄像头 画面 复制到 计算机 缓存 多个 摄像头 同步 抓取  依次 抓取  再用    帧 取出 摄像头 定标 摄像头 定标 放在 摄像头 前 特制 标定 参照物 棋盘 纸 摄像头 获取 物体 图像 摄像头 内外 标定 参照物 特征 坐标系 位置 制作 时应 精确 测定 坐标系 可选为 参照物 物体 坐标系 已知 图像 投影 位置 摄像头 内外 如上图 所示 摄像头 光学 透镜 特性 成像 径向 畸变 三个 装配 误差 传感器 光学 镜头 之间 平行 成像 切向 畸变 单个 摄像头 定标 摄像头 内参 焦距 成像 原点   畸变 鱼 镜头 径向 畸变 特别 外参 标定 世界坐标  求解 焦距 成像 原点 算法 张正友 求解 畸变  图像 坐标系 摄像头 坐标系 世界 坐标系 关系 摄像头 成像 几何 关系 oc 称为 摄像头 透镜 光心   图像  轴 平行  轴为 摄像头 光轴 图像 平面 垂直 光轴 图像 平面 交点 图像 坐标系 原点 由点 oc    轴 坐标系 称为 摄像头 坐标系 oc 距离 摄像头 焦距 图像 坐标系 一个二维 平面 称为 平面 实际上 摄像头  传感器 表面  传感器 尺寸 分辨率 毫米 像素点 之间 关系 举个 例子  尺寸 帧 画面 分辨率 毫米 像素点 之间 关系      传感器 像素点 大小     摄像头 定标 棋盘 大小   定标 影响 标定 指定 棋盘 长度 长度 毫米 单位 精确 设为 毫米 量级 长度 标定 用于 距离 测量 尺寸 设定 标定   向量 第一个 分量  摄像头 中心 验证 立体 标定 准确度 设定 棋盘 大小 最终  大小  精确 定标 所得 摄像头 焦距 原点 坐标 其数 单位 焦距 换算 物理量 单位 假设 像素点 大小   单位       假设 ° 摄像头 坐标系 偏斜 镜头 坐标   垂直 摄像头 矩阵 内参 目的 图像 图像 坐标 转换成 三维 坐标     类 纲量  变量    棋盘 图像 数目 摄像头 定标 适宜  中文论坛   帖子 指出 影响 摄像头 定标 准确性 稳定性 因素 三个 标定 板 平面 成像 平面  之间 夹角 标定 拍摄 图片 数目 棋盘 图像 数目 图像 上角点 提取 感觉  图像 提取 准确度     检测 效果 给出 相关 应用 范例 影响 定标 较大 标定 板 镜头 夹角 棋盘 图像 数目 定标 中 感觉 棋盘 图像 数目 大于 成功 检测 完整 棋盘 角点 变换 标定 板 姿态 包括 角度 距离 单目 定标 采用  合适 镜头 四个   所用 摄像头 高端 切向 畸变 系数 非常少     单目 校正 误差 很大 事先 摄像头 内参 第五个  matrix 非空     输入  matrix 初始 估计 加快 内参  单目 标的 影响   摄像机 定标 定标 稳定 定标 定标 取回来 用于 立体匹配 视差 工具箱 图文并茂 详细 两篇 博文 不错 推荐 阅读
51,D0403281, 上传 配置 上传   ,spring mvc 搭建 一篇 里 写过 篇文章 spring mvc 表单 上传 多个 上传 步骤 spring mvc 基础教程 框架 分析 spring mvc 基础教程 入门 实例 上传 项目 源码 下载 地址 配置文件 spring mvc  上传  用于 表单 html  用于 上传 spring        spring framework web         utf      属性 详解    utf 请求 编码 式  上传 大小 单位 字节    上传 临时 路径 上传 表单 html 上传 实例  mac html            提交    标签     表单 东西 人会 忘记 上传 出错 找 错误 一点 编写 上传 控制 类 控制 类  controller 页面   编写 提交 表单  java spring  注解 获取 spring dp https  上传  注解 指定 表单    app       判断 为空   保存 路径    session       转存         重定向   html 读取 上传 中得  app          session                       打印 文件名 system    spring mvc 注解  指定 表单 指定 用于 保存 web 项目 路径     转存 指定 路径 上传 结束  类 常用    获取     流   获取 表单 组件 名字    获取 上传 原名   获取 字节 大小 单位   为空     保存 目标 上传 上传 上传  表单 名称   中将  类 数组 上传 表单 html 上传 多个 实例  mac   html                 提交  编写 表单   保存 单独 共用 java 保存      判断 为空    保存 路径     session        转存             编写     app       判断  数组 为空 长度 大于   循环 获取  数组 中得           保存  重定向   html 项目 上传
52,D0197749, 介绍 实践 快速 上手  里脊 串 开发 随笔,前言 手写 经历 页面 布局 三个 时期   时代  固定 位置   时代 苹果 推出  码 农们 福利    时代  变 派 用场 为啥 这时候 不用 支持 ios 适配 即可  时代   发生 变化 屏幕 比例 变化 终于 抛弃 改用 不用 支持 ios 屏幕 适配 多样性 过时 快速 上手 说实话 当年 ios 推出 新增 特性 官方 文档  抛弃 实在 有过 经验 朋友 肯定 同感  发布 势在必行 想起 浏览 git  第三方 库 花 几个 小时 研究 写下 篇文章 推荐 原因 介绍 轻量级 布局 框架 拥有 描述 语法 采用 优雅 链式 语法 封装 自动 布局 简洁明了 可读性 先 一段 官方   认识一下  oc 那句话 链式 自然语言  易懂 支持 属性 属性  对照表   左侧   上侧  右侧  下侧  首部    尾部    宽   横向 中点  纵向 中点  文本 基线  等价 布局 是从 右至 左时 阿拉伯文 类 经验 对调 不理 不用 ios 发布 新增 一堆 奇奇怪怪 属性 兴趣 朋友 瞅 瞅 暂时 支持 支持 ios ios 讲 实例 先 介绍 mac 快速  用于  oc 正题 测试   ui  实例 介绍 基础 居中  效果 之间   预期 居中 设置成 大小 先 几行 分解 约束 三个   区别  mac   装箱  源代码 太长 贴出来 支持  支持 之外 支持 介绍 完 几个 往下      初级  小于   边距 效果     简化 分开 一句 省事   里  负数 数  小鱼  底部 高度 同理 用于  有意思 地方 事情 做 链式 语法 巧妙 易懂 佩服 作者 心思 省略 初级 高度  垂直 居中 宽且 间隔 间隔 自动 宽度 效果 子  之间 约束 宽度 约束 自动 计算出来 中级 ui  顺序排列  自动  头部 效果 尾部 效果      内部 已如 关键    起到 中间层 作用 自动 ui  高级 横向 纵向 间隙 一组  遗憾 间隙 排列 官方  中 案例 参考 案例 技巧 目的 category 测试 效果  简洁明了 所要 效果 所用 技巧 空白 占位  填充 目标  旁边 图上 空白 标注 小结 案例 常用 介绍 意犹未尽 请 下载 官方  学习 优秀 库 节省 开发 学习 适合 ios  发布 引发 适配 潮中  助 一臂之力
53,D0620017,  oc  通信 编程 实例,android 手机 应用 手机 之外 吸引 地方 开放性 一点   无法比拟 至少   太多 商业化 气息 android 开启 一扇 交流 之窗 交流  通信 必不可少 java  通信 范例 抛砖引玉 引入 android 之中 疏漏 处 在所难免 地方 深思 考量 高手 拍砖 跳 此文 敲门 演示 android 套接字 通信 服务器程序 服务器程序  建立 android 项目 java 该类 即可 建立   监听  获取 输入输出  java     java    java    java                            用于 监听  连接 请求      采用 循环不断 接受 请求 服务器端            您好 收到 新年 祝福   utf    客户端程序      java    java     java    java   java    android app   android    android    android                                              计算机  地址 秒 超时                            oc             服务器     oc     忘记   互联网 访问 授权    android  android   
54,D0274076,工资 写,团队 新进 员工 第一件 事情 这句 话 关心 快速 很差 救生艇 通气 门 管用 就行 这句 话 喜欢 座右铭 说法 工作 思考 客户 提出 制定 解决方案 思考 公司 请 最终 目的 解决方案 话 粗理 薪水 思考 写 目的 交付 产品 交付 产品 客户 知识 技能 态度 高效 程序员 特性 意义 客户 能用 空  键 缩进 更具 可读性 客户 单向 散 列存储 密码 事实上 没听说过 客户 强求 架构 平台 择优选用 客户 问及 项目 标准 客户 不在乎 不在乎 架构 不在乎 臃肿 不堪 想要 难点 权衡 工作 写 产品 条件 永远 两位 新手 程序员    如有雷同 纯属巧合  一名 从刚 一所 大学毕业 员工 个标 标准 学霸 面试  测试 表现 出色 正式开始 第一天 程序员 生涯 工作 聘用 项目 负责人 指派 第一个 才刚 不难 一名 经验 开发人员 小时 搞定 保守 估计 最终 星期 第二天 每次 检查 信誓旦旦 地说 进展 顺利 写 完美 终于 所说 完美 艺术品 请 星期 这项 超过    同一天 录用 面试 顺利 速度  只花 小时 中午 休息时间  噌 噌 噌 跑过来 瞧 骄傲 自得 沾沾自喜 样子 仿佛 一个劲 表扬 求 赞 一看 只能 复制粘贴 片段 乱七八糟 命名 组织 混乱 雾里看花 解释 等等等等 一锅 大杂烩 团队 属意   实际上 产品 糟糕 思考 得太多 思考 得太少 谨记 一点 薪水 写 思考 解决问题 产品 对此 看法 各抒己见 免费 领取 原创 光盘 精要 版 详情 咨询 官网 客服
55,D0627618,赌 具 加威 信 赌 具,赌 请加 微  千视 频出 赌 欢迎您 力 支持 微  号 演示 频 免费 教学 技巧 实战 实用 绝技 爱好者 自带 本部 大师 免费 表演 满意 满意 赌 具本师 学员 传授 技术 团队 承诺 技术 包教包会 希望 桌上 娱乐 竞技 赢得 漂亮 玩 开心 祝您 生活 美满 连升 几级 升级 感悟 感受 却是 决然 循序渐进 稳扎稳打 王道 一步 一步 感悟 积累 巅峰 前世 催猪 飞升 很爽 笨蛋 大人 压制 赌 这时候 早已 前世 巅峰 缺乏 一步 一步 感悟 一口 吃 成个 胖子 唯出 赌 具一 撑死 明白 笨蛋 脑海中 狂傲 声音 不屑一顾 恨铁不成钢 口气 说道 赌 具一
56,D0652053,澳 门 赌 具 加威 信 澳 门 赌 具,门 赌 请加 微  千视 频澳 门 赌 欢迎您 力 支持 微  号 演示 频 免费 教学 技巧 实战 实用 绝技 爱好者 自带 本部 大师 免费 表演 满意 满意 门 赌 具本师 学员 传授 技术 团队 承诺 技术 包教包会 希望 桌上 娱乐 竞技 赢得 漂亮 玩 开心 祝您 生活 美满 几个 小白脸 摆姿势 饭馆 付账 装腔作势 拿出 一副 钱财 粪土 欠揍 样子 老子 实在 太装 水平 真 那帮 小兔 门 赌 崽子 祖师爷 一阵 无语 说 实话 记得 前世 只升 一级 坐 门 赌 具着 火箭 连升 几级 升级 感悟 感受 却是 决然 循序渐进 稳扎稳打 澳 门 赌 具是 王
57,D0555299,操 作 袖 口 镜 头 加威 信 操 作 袖 口 镜 头,操 袖 口 镜 请加 微  千视 频单 操 袖 口 镜 欢迎您 力 支持 微  号 演示 频 免费 教学 技巧 实战 实用 绝技 爱好者 自带 本部 大师 免费 表演 满意 满意 操 袖 口 镜 头本师 学员 传授 技术 团队 承诺 技术 包教包会 希望 桌上 娱乐 竞技 赢得 漂亮 玩 开心 祝您 生活 美满 人才 放过 更何况 足 称得上 可怕 人才 铁补天 神色 转为 冷漠 低声 身边 青衣人 道 传令 武狂 铁云城 一趟 告诉 解释 杜 神医 遇袭 之事 身体 脑袋 送过来 武狂 云铁云 帝国 血战 骑大 统领 操 袖 口 镜 铁云 西南 军方 赵 边境 一员 悍将 名列 大陆 名将 排行榜 第十位 排名 大陆 名将 排行榜 之中 末尾 操 袖 口 镜 作战 勇敢 铁补天 此刻 提起 武狂 这件 时机 风 断定 这件 武狂 做 无疑 青衣人 答应 一声 操 袖 口 镜 头忍
58,D0457248, 阶乘 末尾,题目 初阶 求 末尾 进阶  阶乘 末尾 分析 类似 题目 蕴含 某种 规律 简便 阶乘 末尾 一个零 进位 相当于 乘以 所得 结尾 数字 含有 因子 关键在于 数量 实质 含有 推广 论证 每隔 每隔 个会 每隔 多出 末尾 零为 末尾 同理 解决 学习 中 学会 发散 思维 举一反三 请问  末尾 同理   计算 末尾 之间 个数 倍数 余数 省略 之间 个数 倍数 之间 个数 倍数 之间 个数 倍数 之间 个数 倍数 末尾 此题 扩展 求 扩展  二进制 中 最低 中 位置 相当于 求 质因数 个数 原理  中 因数分解 质因数 结尾  进制 数 结尾 等价 乘以  质数 相乘 质数 相乘 相乘 因数 式 中 中 中 个数 多于 讨论 阶乘 结尾 几个 转换成 数 质 因数分解 式 参考资料
59,D0279074, 中  详解, 中文 布局 表达  屏幕 具体位置 成员 变量     几个 矩形 区域  具体位置 父 视图  类    视图 父 视图 具体位置 继承   重载     修饰  重载 提到  java 源码 主体 理解  成员 变量     赋 回调 回调 注册     空 重载   java 源码   java 相比之下   增加       用于   增加 删除 视图 动画 效果      动画    动画 此刻 并未      等待 动画      java 源码  java  唯一 差别   中多 关键字   修饰   类 只能 继承 实例 化 其子 类 重载  重载  目的 安排  父 视图 具体位置 重载  做法  循环 视图   传入   视图 父 视图         联想 最终 视图    理解 视图 期望 屏幕 宽 高    视图 右 边界 等于   边界 等于   其子 视图 宽 高 意义  视图 参考  计算出来    视图 大小 事实 并非如此      视图 设计者 任意 指定 最终 视图 布局 位置 大小    视图 大小 说         两对 之间 区别                   java 中 源码 一清二楚 解释           理解  参考  中     安排 子 视图 父 视图 中 位置  用处 特别 自定义   其子 视图 个数 位置 大小 固定 这时候 忽略   中 传入 安排 子 视图 具体位置
60,D0812051, 循环 删除  集合 中 元素,  集合 中 元素 想 元素 删了  循环 发现 元素 中 序号 偶数 元素 删除 成功       任意 元素 集合 中    想 删除 集合 中 元素  循环       输出 删除 完整    system   原因 删除 时 从左到右 集合 中 元素 序号 偶数 集合 元素 保留 解决  循环 删除            输出 删除 完整    system   结果显示 完 简便    一句 话 搞定
61,D0078254,   整理,介绍    漂亮 简洁  互动 数据库表 模型 互动 记得   php 连接 配置 用法 先 建立  模型 模型 放在 app 目录 放在 地方  json 载入  模型 继承     放在 app    json 配置 模型 手动 app  新建  php 命令 命令 好处     生成 迁移 告诉   模型 数据库表 特别 指定 名称 名称 小写 复数 形态 数据库表 例子  假设  模型  数据库表  属性 自定义 数据库表  假设 数据库表 字段名 称为  主键 类里    属性 重写   属性 指定 模型 连接 指定 连接 模型 数据库表 新增 获取数据 数据库表   不想 设定 自动更新 类里  属性  即可 模型 模型 取出 记录 主键 取出 一条 拆分 传到 第一个 每次 拆分 取出 数量 第二个 闭合 每次 取出 一一列举 访问   办法 流畅 接口 语句  软 软 模型 模型 真的 移除 设定  戳 模型 软 模型 类里   即可  数据库表 迁移  模型  成 戳 软 模型 模型 查询方法 只能    未 被删除 强制 软 模型   软 模型  软 删除 模型 数据恢复   语句   想要 真的 模型 数据库 删除   确认 模型 软 删除  轻松 重复 利用 模型 逻辑 设定  前缀 模型 动态 想要 接受 查询方法 参数值 传到 查询方法 一对一 一对一 一对一  模型  传到  第一个 模型 名称  动态 属性 sql 语句  假设 模型 数据库表 外键 名称 模型 名称 例子 模型 数据库表 会以   外键 想要 更改 传入 第二个  传入 第三个 指定 外键 模型 例子   数据库表   想要 指定 外键  传入 第二个 传入 第三个 指定 参照 上层 数据库表 例子 一篇  文章 评论 经由 动态 属性 文章 评论 增加 条件  链式 条件 传入 第二个 更改 外键 名称  指定 模型 应  例子  身份 身份 管理者 用到 数据库表     枢纽 命名 相关联 模型 数据库表 字母 顺序 命名 枢纽     关系  模型  不想 枢纽 数据库表 命名 传递 数据库表 名称  第二个 更改 字段名   远层 远层 简短 经由 多层 间 远层  模型   模型 数据库表 间 关系  数据库表          想要 手动 指定 字段名 传入 第四个 条件 模型 想要 模型 想要 至少 一篇 评论  文章 达成 目的 指定 运算符 数量 点 号 形式 嵌套 声明 想要 进阶 用法    条件 动态 属性  经由 动态 属性  聪明  一对  一对一 经由 名称 动态 属性 模型  不用 打印   简写      预 载入 预 载入 减少 查询  模型  循环 查询 取回 数据库表 书籍 每本 书籍 查询 作者 查询 幸运地 预 载入 减少 查询 次数  指定 想要 预 载入 循环 总共 只会 两次 查询 预 载入 大大提高 性能 载入 多种 关联 预 载入 条件 想要 预 载入 关联 想要 指定 载入 时 查询 例子 例子 预 载入   关联 条件   字段 需  预 载入 闭合 只能 条件 排序 新增 关联 模型 附加 关联 模型 关联 模型 新增  手动 设定 模型   外键 上层   模型 新增 关联 例子 里 新增  模型 中    字段 自动 设定 想要 新增 关联 模型 从属 关联 模型   关联 时  oc  设定 模型 外键 新增 关联 模型  新增 关联 模型  模型 例子   附加  附加 模型 传入 枢纽 表中 属性 数组     接受  数组  附加 关联  附加 关联 模型   数组 关联 存 枢纽 附加 完 关联 枢纽 表里 模型 只会 关联  数组 里   时 枢纽 额外  枢纽 表时 字段 想要 命令 建立 模型 附加 关联  达成 目的 例子 里 新 模型 储存 关联  模型 传入 属性 数组 关联 数据库表
62,D0959496,  之间 转换,网络编程  发送数据 数组 转化成  成     system       含有 中文 时用 system       成       system      system     数组 转换成  数组 字节 转换 字符串 填充 填充  字节数 接收 长度    oc    system       
63,D0913338,简介 术语,机器学习 提高 某一方面 表现 预测 精准 难 内在 模式 模式 并不知道 难用 编程 频繁 计算 决策 个性化 机器学习 生活 各个方面 机器学习 流程 机器学习 数据挖掘 机器学习 人工智能 机器学习 统计
64,D0112898, 平台 专业术语,apk android app    android app        app       app        apk     app  apk    app      apk 大意 名为 apk android 程序包 android 应用程序 清单 打包 名字 可任意 扩展名 apk 取名为  app  apk android 程序包 称之为 apk    android app    android             apk          app     java   大意 android 程序代码 最终 将会 编译成 名为     编写 java 自动 地被 编译成                   android      android    web        app     大意  发送者 意图 描述  分配 字符串  android 第三方 开发人员 网页  android   定制     手机 震动    app    java              ui                  大意  应用程序 里 表现 屏幕 应用程序 界面  全屏 窗口 ui 事件  全屏 浮动 透明  debug    debug  app    sdk           debug             大意  android debug  简写 android 调试 桥 android sdk 自带 命令行 调试 应用程序 浏览 工具 拷贝 工具 调试 转寄 端口  插件  集成 开发环境 app      android app      service     android app               app    apk 大意 组件 角度 android 应用程序 多个  service  角度 android 应用程序 java  多媒体 音频 视频 清单 打包 单一 应用软件 apk            app    app     ui              大意  数据抽象 应用程序 暴露 应用程序  构建  之上 负责 指定 查询 指定   android    mac      mac                 app    mac         java                                              java         大意  android 平台 虚拟机  只能 解释  虚拟机  存储 性能 内存 管理 优化  寄存器 虚拟机  自带  工具 转换 java 虚拟机 兼容   操作系统 依赖于 底层 线程 低级 内存 管理  核心 类库 有意 java 标准版 适合 小型 移动设备   debug service  ui debug  app    sdk        oc                     大意   debug service sdk 自带 图形化 调试 工具 屏幕 捕捉 日志 存储 进程 检测 能力     插件  集成 开发环境                                   android                   大意  轻量级 浮动 窗口 形式 呈现  用于 动作 按钮 按钮   持久 存储 历史 栈中 对话框 基类        visual              ui                                bitmap  image        android     大意   可视化 用于 标题 屏幕 典型   装载 ui 元素   背景图片   事件 分配 属性 状态   是从 描述  位图文件 加载   编译 android     子类           app                 app               category        app    android      app    app       app            app    android                   app   大意 消息 启动 应用程序  应用程序  异步 交流  实例 应用程序  收到 意图  时 接受者  包括 预期 动作   动作 类别 category  数据类型  应用程序 意图 android 发送给 应用程序  应用程序 意图 发送给 目标 应用程序 意图 一条 广播 广播 应用程序 轮流 程序定义 意图 过滤器 android 负责 解决 意图 意图 接收器 适合      app                            app                   system         app       app            大意 应用程序    意图 过滤器 声明  中 用于 告诉 应用程序 组件 哪种 意图    应用程序 表达 出对 指定 数据类型 意图 感兴趣 当要 解决 意图 应用程序 意图 过滤器 评估 意图 传递 匹配 应用程序    app               app     system            大意   用于 应用程序 广播 发送给 应用程序  广播 发送给 对此 广播 感兴趣 广播 接收器 广播 接口 器会 顺序 意图          大意 布局 用于 描述 屏幕 布局        app     app             service           大意 清单 应用程序  用于 描述 应用程序 包名 版本 组件     service 引用 类库      bitmap          大意  尺寸 可变 位置 用于 背景图片 图片 opengl   opengl                  android opengl java       opengl   opengl    大意 android opengl 类库 快速 图像   难 适合 android opengl java       opengl 包 暴露 opengl  app           app       app          android          app    ui  ui         app        oc         app         oc                               app          大意 理解 应用程序 非 编程 组件 编写 程序代码 特定 引用 android 支持 资源类型 最为 典型 应用程序 资源 ui 字符串 ui 布局 组件 图像 媒体文件 android 应用程序 资源 支撑 本地化 各种各样 手机 屏幕 屏幕 方向 横竖 资源 service   service        ui                   大意 service 后台 无需 ui 界面 持久 活动 播放 音乐 监测 网络 活动                 android            大意 一系列 多种 文字大小 颜色 android  中 标准 主题  开头  android android                             web                  app                  system                 scheme      大意 android 字符串 请求 检索 联系人 动作 请求 浏览器 中 打开 页面 uri 字符串 式 请求 uri 开头 动作 uri 字符串 程序处理   开头 uri 字符串 浏览器                                          windows                                              大意  绘制 手机 屏幕 一块 矩形 区域 点击 事件 键盘 事件 交互 事件  组件 基类 文本框 对话框                                            app                 ui                 大意  一系列  容器  负责  位置 占用  绘制  用于 布局  固定 ui 滚动 列表框 组件  继承  位于 android  包                 ui                                android   大意  组件 一系列  子类 ui 组件 布局 集合 文本框 弹出 菜单  负责 测量 绘制 屏幕 事件 做出  位于 android   包   android app                               oc                                windows   app     大意 android 应用程序 中 类 抽象类  类    类 生成 窗口 
65,D0432442,java   访问 web service 区别,项目 现将 工作 经验总结 java   web service 区别 先看 两者之间 结构            地址                 service service  service    service     dp     地址                现将 描述 web service 访问 地址  所示  端口 web service 地址 端口 时 红框 区域 两种 端口 时  提示 web service 异常  查阅 web service 结构 发现 红框 区域 web service  原因 中 组件 解析 区别 研究 明白 明白 留言 解决 仔细阅读 web service 结构 框架 框架 现将 网络 资料 整理  重量级 web service 框架 准确 说 web service   引擎 web service 框架 集大成者 制作 发布 web service 生成 java 语言版 web service 客户端 服务端 优势 不可避免 导致 复杂性 开发者 依赖 数量 大小 惊人 打包 部署 发布 麻烦 现有 整 合为一体 java 之外 客户端 工具 不二  高性能 web service 框架 java 知名度 超过   优点 现有 web 整合 融为一体 java 之外 相关 工具   收购 原因 太 优秀 收购 java  兴起 开源 web service 引擎 看好 渐渐 败落 应用程序 支持 首选 应用程序 spring  更好 特别 嵌入式 web service 应用程序 新 特性 需要的话 项目 所用 框架
66,D0397906, 基础 反射,反射 用到    编译  编译  强制 转化 反射 类中 成员 描述 实例 描述 指 jvm 一份 字节 码 用于 描述 接口    字节 码   字节 码 区分 那种 字节 码 泛型      获取 实例 限定 类名 包类       获取  字节 码 泛型   java   字符串 全类 包类  类名 获取 一份 字节 码 一份 字节 码 jvm 中有且 一份 虚拟机 一份 字节 码 常用   获取 实体 描述    实体 整数 修饰符   获取 实体 限定   获取 实体 父类   获取 实体 接口 数组   获取 实体  字段   获取 字段   获取 实体  构造方法   获取 构造方法   获取 实体    获取 java 内置 八大 数据类型  关键字          关键字    八大 数据类型 多所 包装 类中 常量   包装 数据类型 实例 system       器 创建对象 器 只能   找到 字节 码    找到 指定 器     器 传递              反射 好处 限定 创建对象    限定    公共  器 创建对象          相当于  创建对象 私有 器 创建对象 忽略 掉 安全检查                   忽略 安全检查 私有 安全检查   c    访问 类 类    子类    构造 器 成员 变量 成员 访问 属性      访问  访问
67,D0502371,  图表,用过   图表 组件 朋友 配置 性强 图表 交互性 欠缺 聊聊 一款 配置 性强 交互性 图表  业界 无数  图表 库 不乏 优秀 代表          免费 开源 百度 找到 知名度 高 优秀 成熟 图表 库 先   图表 图表   柱状图 条形图 折线图 面积 饼 环形 散点图 气泡 雷达    oc  支持力 布局 和弦 地图 力度 交互性 太差 特色 图表 仪表盘 支持 拖拽 重 计算 支持 支持 视图 支持 支持 图片 导出 支持 支持 动态 切换 支持 支持 编写 插件  图 切换 麻烦 值域 漫游 支持 支持 大规模 支持 支持 区域 缩放 支持 支持 图例 开关 支持 支持 多维度 堆积 支持 支持 混 搭 支持 支持 免费 收费   非商业 免费 价格 美元 美元   两大 图表 表格 想 优势 趋向性 细细 研究 琢磨 区别 地方 html    画布  图表 mvc 结构 图形 开发包  基础 成熟
68,D0144330, 操作命令,篇文章 介绍 redis 操作命令 本文 讲解   查询  字符串  集合 结构 有序 集合 服务器 相关 朋友 参考   查询  　 　 redis 模糊 查询  　 　 通配符 　 　   随机  　 　 　 　    　 　  判断  　 　  删除  　 　    改名 　 　       成功 　 　   数据库 　 　  查询  生命周期 　 　  整数  生命周期 单位 　 　     整数  生命周期 毫秒 单位 　 　   查询  生命周期 毫秒 　 　   指定  永久 字符串 　 　  秒数  毫秒  　 　 　 　 　 　 　 　   写 有效期 为准 　 　 　 　 　 　   建立 　 　 　 　 　 　   　 　   　 　   多个 　 　    获取 多个 　 　    字符串  字节 改成 　 　 　 　 　 　 　 　 　 　 　 　 　 　 　 　 　 　 偏移量 字符串 长度 自动 补 　 　 app   追加  原上 　 　    获取 字符串 中  　 　 　 　 　 　 　 　 　 　 　 　 　 　 　 　 　 　 字符串 下标 左数 右数 　 　 　 　 　 　 　 　 　 　 　 　 　 　 　 　 　 　  字符串 　 　 　 　 　 　 　 　 　 　 　 　 　 　 　 　 　 　 　 　 　  截取 字符串 　 　 　 　 　 　 　 　 　 　 　 　 　 　 　 　 　 　 　 　 　 所处 位置  右边 字符串 　 　    获取 旧 新 　 　  自增 新  错误   　 　  跳 自增 　 　  自增 浮点数 　 　 　     二进制 该位 旧 　 　 　 　 　 　 　 　 　 　 　 　 　 　 　 　 　  过大 填充 　 　 　 　 　 　 　 　 　 　 　 　 　 　 　 　 　 　 　 　  　 　 　 　 　 　 　 　 　 　 　 　 　 　 　 　 　 　 　 　 　 即可 推出 字符串 　 　             保存   　 　 　 　 　 　 　 　 　 　 　 　 　 　 　 　 　 　 　 　 　 　 　 　 　 　      　 　   指定  长度 　    有效期 　 　 redis  子 元素  双向 长度  用做 栈 用做 队列 　 　  阻塞 版本 轮询 　 　  插入 头部 　 　   插入 尾部 　 　  删除 头部 元素 　 　  删除 尾部 元素 　 　    中   中 元素 　 　   中 删除 删除 结束 　 　 　 　 　 　 　 　 　 　 　 　 　 　 　 　 表头 删除 　 　 从表尾 删除 　 　 删除 　 　     剪切  链接   一段 改制 赋给  　 　    索引 　 　   计算 元素 个数 　 　       中 寻找   插入 　 　     末尾 拿出 放到  头部 单元 　 　 　 　 应用场景   双链表 队列 　 业务 逻辑    　 　 　 　 　 　 　 　 　 接收 业务 　 　 　 　 　 　 　 　 　 成功  清除 成功 下次  表取 　 　     等待 弹出  头 元素 　 　 　 　 　 　 　 　 　 　 　 　 　 　 　 　  等待 超时  等待 　 　 　 　 　 　 应用场景 轮询  在线 聊天 时能 用到  　 　 redis    映射 删除 平均  特别  中 占用 更少 内存 存取 　 　 配置       配置 字段 最多 　 　 　 　 　     配置 字节 　 　     　 　      　 　     多个  　 　    获取 指定   　 　     获取 多个  　 　    指定   给定 　 　    测试 指定  　 　      数量 　 　     删除 指定  　 　       　 　     　 　    获取  中  　 集合 结构 　 　 无序 确定性 唯一性 　 　   集合 元素 　 　   获取 集合 元素 　 　   删除 集合 元素 　 　   删除 集合 中 随机 元素 坐 抽奖 重复 抽到 某人 　 　 　 　 　   随机 元素 　 　    判断 集合 　 　   集合 元素 个数 　 　        集合 中 　 　       交集 　 　       　 　      差集 　 　      交集 里 　 有序 集合 　 　 概念 基础 增加 顺序 属性 这一 属性 元素 指定 每次 指定  自动 新 调整 顺序 理解 两列 mysql 列存储  列存储 顺序 中  理解  名字 　 　    元素 集合 元素 关联   型      混合体 　 　 元素 集合 中 元素 映射   中 给定 元素 获取 开销 元素 映射   排序 有序 获取 集合 中 元素 删除 开销    开销 redis    双向 链表 逆序 尾部 元素   索引 排序 字段  元素 存储 　 　   元素 　 　    集合 排序 名次   元素 升续 排列   打印 　 　   查询 排名 升序 　 　         集合 升序 排序 后取   元素 跳  取出 　 　   查询 排名 降序 　 　     删除 元素 删除   之间 　 　  删除 集合 中 元素 　 　    排名 删除 元素 删除 名次  之间 　 　   集合 元素 个数 　 　       区间 元素 数量 　 　             　 　 　 　 　 　   交集   　 　 　 　 　 　 聚合    　 　 　 　 　 　 聚合 保存 子  集合 　 　 　 　 　 　   理解 　 　 　 　 　 　 　 　 　 　 答 交集 交集 元素   相加  最小      权重 交集  服务器 相关 　 　  测定 连接 存活 　 　  命令行 打印 　 　  数据库 　 　 ui 退出 连接 　 　  数据库 中  数目 　 　  获取 服务器 统计 　 　    实时 转储 收到 请求 　 　   配置 项 获取 服务器 配置 　 　 　 　   配置 项 配置 项 　 　  删除 数据库 中  　 　  删除 数据库 中  　 　 服务器 戳 秒 微秒 　 　    后台 保存  快照 　 　  后台 保存  快照 　 　 保存  快照 　 　  上次 保存 　 　   　 　 　 　 　 　 小心    关闭 服务器 手工 编辑  去掉 中  相关 开启 服务器 倒 回     清空 丢失 　 　   查询 　 　 　 　 　 　 问 多慢 　 　 　 　 　 　 答     指定 单位 微秒 　 　 　 　 　 　 问 服务器 存储 条慢 查询 记录 　 　 　 　 　 　 答   做
69,D0343258,利用 vb  窗口 隐藏,利用 vb 窗口 隐藏 shell windows 脚本 宿主 便捷 用于 获取 环境变量 访问 快捷方式 访问 windows 文件夹 windows  删除 注册表 条目 shell 定制 对话框 交互 shell 三个 属性      属性 获取 更改 活动 目录 脚本 目录   属性   环境变量 集合   属性   文件夹 集合 shell app 用于 激活 指定 打开 应用程序 窗口   新 快捷方式 打开 已有 快捷方式     环境变量 扩充   日志 事件 条目  弹出式 消息 框中 文本  删除 注册表  读取 注册表  写入 注册表 新 进程   活跃 窗口 发送 击键 解释器 应用程序 子 命令 解释器      流 访问 几个 例子 实践 演示   变量     shell   shell 实例 属性  目录 变量        属性      system         属性        app 激活 计算器 app    快捷方式         c windows  windows     分割线 程序运行 隐藏 窗口 详解     windows       shell   字符串 想要 命令行 传递 可执行文件  windows  选 整数 窗口 外观    选  脚本 其下 一条 语句 等待 结束 windows 隐藏 窗口 激活 窗口 激活 窗口 窗口 处于 最小化 最大化 状态 恢复 原始 尺寸 初次 窗口 应用程序 指定 标志 激活 最小化 状态 窗口 激活 最大化 状态 窗口 以其 位置 尺寸 窗口 活跃 窗口 活跃 以其 位置 尺寸 窗口 最小化 指定 窗口 激活  序列 仅次于 顶层 窗口 最小化 形式 窗口 活跃 窗口 活跃 以其 状态 窗口 活跃 窗口 活跃 激活 窗口 窗口 处于 最小化 最大化 状态 恢复 原始 尺寸 windows  赋为 即可 隐藏 窗口      shell   shell 实例   隐藏 窗口 原文
70,D0434434, 学习  ,打算 研究 网络 库 发现   存储 事件队列 学习 笔记 一系列 宏 单链表 双链表 循环链表 文章 结尾 单链表 指向 第一个 元素 指针 指向 元素 指针  头部 元素 双链表 指向 第一个 元素 指针 指向 元素 指针 指向 前 元素   地址 指针  头部 元素 元素 指向 第一个 元素 指针 指向 元素   地址 指针 指向 元素 指针  头部 尾部 元素 尾 指向 第一个 元素 指针 指向 元素   地址 指针 指向 元素 指针 指向 前 元素   地址 指针  头部 尾部 元素 元素 指向 第一个 元素 指针 指向 元素 指针 指向 元素 指针 指向 前 元素 指针  头部 尾部 元素 元素 尾 双链表 元素 指针 指向 前 元素 变量 地址 二级 指针 设计 想 是因为 头部 头部 指向 第一个 元素 指针 头部 插入 元素 宏 二级 指针 插入  中尾 队列  尾 队列 存储  结构体 事件队列 变量 指向 队列 事件队列 头部 事件队列 定时器 事件队列 写 事件队列 读 事件队列 事件队列 事件队列 延时 事件  
71,D0134719, 仓库 中央 仓库,摘要 构件 仓库 获取 仓库 它会 尝试 远程 仓库 构件 仓库 仓库 构件 仓库 不用  构建 项目 项目 名为  子目录 存放 各类 第三方 依赖       建立 项目 建立  复制 一对  重复 重复 永远 噩梦 起点 多个 项目 共用  磁盘 资源 浪费 一致性 变得 困难 管理工具  管理工具 试试  帮 头疼  提交 库里 管理工具 二进制 出色 仓库 放置      地方 项目 同一个 仓库 获取 依赖  节省 磁盘 资源 仓库  坐标 坐标 告诉 组  构件  打包 项目 依赖 版本管理 不在 提交   仓库 建立 组织 层次 仓库 供 成员 仓库 构件  仓库 vs 远程 仓库 构件 仓库 获取 仓库 它会 尝试 远程 仓库 构件 仓库 仓库 构件 项目 配置   依赖      坐标 查找 仓库 找到 检查 可用 远程 仓库 配置 逐个 尝试 远程 仓库    远程 仓库 仓库 尝试 远程 仓库 报错 缺省 仓库 地址      拥有 仓库 自定义 仓库      时 指定 仓库      oc    一点 理解  实际上 项目 生成 构件 安装 仓库  项目 项目 生成 构件 仓库 缺省 远程 仓库 中央 仓库 安装 建立 项目 配置 依赖    项目 构建 手工  一切都是 中央 仓库 仓库 不到  时 它会 查找 远程 仓库 原始 安装 自带 远程 仓库 中央 仓库 中央 仓库 机器 安装 找到     打开 找到 超级        父  项目 继承 配置  发现 配置  远程 仓库 配置 小节 我会 详细 解释 中央 仓库   远程  地址 关闭    构件 下载 支持  配置 远程 仓库 超级  配置   远程 仓库  配置 远程 仓库 做 原因 局域网 远程 仓库 仓库 大大提高 下载速度 构建 依赖   找 不到 特定 公共 仓库 远程 仓库 配置 配置 远程 仓库 指向 中央 仓库 中国 镜像     详细 配置 相关 解释 请 参考     这是 配置 地方 下载 插件 构件 插件 元素 内部 配置    解释   配置 远程 仓库  配置 远程 仓库 公司 内部 项目 几个 项目 结束 越来越 项目 公司 内部 建立 仓库 统一 项目 配置 仓库 项目 配置 这是 重复 配置 配置   事情          元素 复制到     支持 元素 解决方案 利用      仓库 全局 仓库 配置 镜像 地理位置 更快  镜像 想 覆盖  仓库 配置 想  唯一 远程 仓库 远程 仓库 代理 仓库    配置  配置  覆盖 自带   高级 镜像 配置 参考 分发 构件 远程 仓库   项目 生成 构件 安装 仓库   项目 生成 构件 分发 远程 仓库 仓库 构件 只能 供 分发 远程  仓库 访问 仓库 构件 配置     指定  分发 构件  一般来说 分发 构件 远程 仓库 认证 配置 认证 错误   配置 认证  小结 本文 介绍  仓库 仓库 远程 仓库 中央 仓库 介绍  配置 项目 层次 仓库  配置 层次 仓库  本文 介绍 安装 构件 仓库 分发 构件 仓库
